0,21
0,21
0,21
0,21
0,21
0,21
0,21
0,21
-0.436605,20.9927
-0.436605,20.9927
-0.436605,20.9927
-0.436605,20.9927
-0.853399,20.976
-0.853399,20.976
-0.853399,20.976
-0.853399,20.976
-1.21872,20.9526
-1.21872,20.9526
-1.21872,20.9526
-1.21872,20.9526
-1.54095,20.9248
-1.54095,20.9248
-1.54095,20.9248
-1.54095,20.9248
-1.82695,20.8943
-1.82695,20.8943
-1.82695,20.8943
-1.82695,20.8943
-2.08237,20.8621
-2.08237,20.8621
-2.08237,20.8621
-2.08237,20.8621
-2.3118,20.8291
-2.3118,20.8291
-2.3118,20.8291
-2.3118,20.8291
-2.51906,20.7958
-2.51906,20.7958
-2.51906,20.7958
-2.51906,20.7958
-2.70727,20.7627
-2.70727,20.7627
-2.70727,20.7627
-2.70727,20.7627
-2.87902,20.7301
-2.87902,20.7301
-2.87902,20.7301
-2.87902,20.7301
-3.03646,20.6982
-3.03646,20.6982
-3.03646,20.6982
-3.03646,20.6982
-3.18138,20.6671
-3.18138,20.6671
-3.18138,20.6671
-3.18138,20.6671
-3.31528,20.637
-3.31528,20.637
-3.31528,20.637
-3.31528,20.637
-3.43944,20.6078
-3.43944,20.6078
-3.43944,20.6078
-3.43944,20.6078
-3.55491,20.5797
-3.55491,20.5797
-3.55491,20.5797
-3.55491,20.5797
-3.66261,20.5526
-3.66261,20.5526
-3.66261,20.5526
-3.66261,20.5526
-3.76333,20.5266
-3.76333,20.5266
-3.76333,20.5266
-3.76333,20.5266
-3.85773,20.5016
-3.85773,20.5016
-3.85773,20.5016
-3.85773,20.5016
-3.9464,20.4777
-3.9464,20.4777
-3.9464,20.4777
-3.9464,20.4777
-4.02984,20.4548
-4.02984,20.4548
-4.02984,20.4548
-4.02984,20.4548
-4.10851,20.4329
-4.10851,20.4329
-4.10851,20.4329
-4.10851,20.4329
-4.1828,20.412
-4.1828,20.412
-4.1828,20.412
-4.1828,20.412
-4.25306,20.3921
-4.25306,20.3921
-4.25306,20.3921
-4.25306,20.3921
-4.31959,20.373
-4.31959,20.373
-4.31959,20.373
-4.31959,20.373
-4.38269,20.3549
-4.38269,20.3549
-4.38269,20.3549
-4.38269,20.3549
-4.44259,20.3375
-4.44259,20.3375
-4.44259,20.3375
-4.44259,20.3375
-4.49954,20.321
-4.49954,20.321
-4.49954,20.321
-4.49954,20.321
-4.55373,20.3053
-4.55373,20.3053
-4.55373,20.3053
-4.55373,20.3053
-4.60536,20.2903
-4.60536,20.2903
-4.60536,20.2903
-4.60536,20.2903
-4.6546,20.276
-4.6546,20.276
-4.6546,20.276
-4.6546,20.276
-4.7016,20.2624
-4.7016,20.2624
-4.7016,20.2624
-4.7016,20.2624
-4.74652,20.2495
-4.74652,20.2495
-4.74652,20.2495
-4.74652,20.2495
-4.78949,20.2372
-4.78949,20.2372
-4.78949,20.2372
-4.78949,20.2372
-4.83062,20.2254
-4.83062,20.2254
-4.83062,20.2254
-4.83062,20.2254
-4.87005,20.2142
-4.87005,20.2142
-4.87005,20.2142
-4.87005,20.2142
-4.90787,20.2035
-4.90787,20.2035
-4.90787,20.2035
-4.90787,20.2035
-4.94418,20.1933
-4.94418,20.1933
-4.94418,20.1933
-4.94418,20.1933
-4.97908,20.1836
-4.97908,20.1836
-4.97908,20.1836
-4.97908,20.1836
-5.01265,20.1743
-5.01265,20.1743
-5.01265,20.1743
-5.01265,20.1743
-5.04497,20.1655
-5.04497,20.1655
-5.04497,20.1655
-5.04497,20.1655
-5.07612,20.157
-5.07612,20.157
-5.07612,20.157
-5.07612,20.157
-5.10616,20.1489
-5.10616,20.1489
-5.10616,20.1489
-5.10616,20.1489
-5.13517,20.1412
-5.13517,20.1412
-5.13517,20.1412
-5.13517,20.1412
-5.1632,20.1338
-5.1632,20.1338
-5.1632,20.1338
-5.1632,20.1338
-5.19031,20.1267
-5.19031,20.1267
-5.19031,20.1267
-5.19031,20.1267
-5.21655,20.1198
-5.21655,20.1198
-5.21655,20.1198
-5.21655,20.1198
-5.24197,20.1133
-5.24197,20.1133
-5.24197,20.1133
-5.24197,20.1133
-5.26662,20.107
-5.26662,20.107
-5.26662,20.107
-5.26662,20.107
-5.29055,20.1009
-5.29055,20.1009
-5.29055,20.1009
-5.29055,20.1009
-5.31379,20.0951
-5.31379,20.0951
-5.31379,20.0951
-5.31379,20.0951
-5.33639,20.0894
-5.33639,20.0894
-5.33639,20.0894
-5.33639,20.0894
-5.35837,20.084
-5.35837,20.084
-5.35837,20.084
-5.35837,20.084
-5.37978,20.0787
-5.37978,20.0787
-5.37978,20.0787
-5.37978,20.0787
-5.40064,20.0736
-5.40064,20.0736
-5.40064,20.0736
-5.40064,20.0736
-5.42099,20.0686
-5.42099,20.0686
-5.42099,20.0686
-5.42099,20.0686
-5.44085,20.0638
-5.44085,20.0638
-5.44085,20.0638
-5.44085,20.0638
-5.46025,20.0592
-5.46025,20.0592
-5.46025,20.0592
-5.46025,20.0592
-5.47922,20.0546
-5.47922,20.0546
-5.47922,20.0546
-5.47922,20.0546
-5.49777,20.0502
-5.49777,20.0502
-5.49777,20.0502
-5.49777,20.0502
-5.51593,20.0458
-5.51593,20.0458
-5.51593,20.0458
-5.51593,20.0458
-5.53372,20.0416
-5.53372,20.0416
-5.53372,20.0416
-5.53372,20.0416
-5.55117,20.0374
-5.55117,20.0374
-5.55117,20.0374
-5.55117,20.0374
-5.56828,20.0334
-5.56828,20.0334
-5.56828,20.0334
-5.56828,20.0334
-5.58507,20.0294
-5.58507,20.0294
-5.58507,20.0294
-5.58507,20.0294
-5.60157,20.0255
-5.60157,20.0255
-5.60157,20.0255
-5.60157,20.0255
-5.61778,20.0216
-5.61778,20.0216
-5.61778,20.0216
-5.61778,20.0216
-5.63373,20.0178
-5.63373,20.0178
-5.63373,20.0178
-5.63373,20.0178
-5.64942,20.014
-5.64942,20.014
-5.64942,20.014
-5.64942,20.014
-5.66486,20.0103
-5.66486,20.0103
-5.66486,20.0103
-5.66486,20.0103
-5.68008,20.0066
-5.68008,20.0066
-5.68008,20.0066
-5.68008,20.0066
-5.69508,20.0029
-5.69508,20.0029
-5.69508,20.0029
-5.69508,20.0029
-5.70986,19.9993
-5.70986,19.9993
-5.70986,19.9993
-5.70986,19.9993
-5.72446,19.9957
-5.72446,19.9957
-5.72446,19.9957
-5.72446,19.9957
-5.73886,19.9922
-5.73886,19.9922
-5.73886,19.9922
-5.73886,19.9922
-5.75308,19.9886
-5.75308,19.9886
-5.75308,19.9886
-5.75308,19.9886
-5.76714,19.9851
-5.76714,19.9851
-5.76714,19.9851
-5.76714,19.9851
-5.78103,19.9815
-5.78103,19.9815
-5.78103,19.9815
-5.78103,19.9815
-5.79477,19.978
-5.79477,19.978
-5.79477,19.978
-5.79477,19.978
-5.80836,19.9745
-5.80836,19.9745
-5.80836,19.9745
-5.80836,19.9745
-5.82181,19.9709
-5.82181,19.9709
-5.82181,19.9709
-5.82181,19.9709
-5.83513,19.9674
-5.83513,19.9674
-5.83513,19.9674
-5.83513,19.9674
-5.84832,19.9639
-5.84832,19.9639
-5.84832,19.9639
-5.84832,19.9639
-5.86139,19.9604
-5.86139,19.9604
-5.86139,19.9604
-5.86139,19.9604
-5.87435,19.9568
-5.87435,19.9568
-5.87435,19.9568
-5.87435,19.9568
-5.88719,19.9533
-5.88719,19.9533
-5.88719,19.9533
-5.88719,19.9533
-5.89994,19.9497
-5.89994,19.9497
-5.89994,19.9497
-5.89994,19.9497
-5.91258,19.9461
-5.91258,19.9461
-5.91258,19.9461
-5.91258,19.9461
-5.92514,19.9425
-5.92514,19.9425
-5.92514,19.9425
-5.92514,19.9425
-5.9376,19.9389
-5.9376,19.9389
-5.9376,19.9389
-5.9376,19.9389
-5.94998,19.9353
-5.94998,19.9353
-5.94998,19.9353
-5.94998,19.9353
-5.96228,19.9316
-5.96228,19.9316
-5.96228,19.9316
-5.96228,19.9316
-5.9745,19.9279
-5.9745,19.9279
-5.9745,19.9279
-5.9745,19.9279
-5.98665,19.9242
-5.98665,19.9242
-5.98665,19.9242
-5.98665,19.9242
-5.99873,19.9205
-5.99873,19.9205
-5.99873,19.9205
-5.99873,19.9205
-6.01075,19.9167
-6.01075,19.9167
-6.01075,19.9167
-6.01075,19.9167
-6.02271,19.9129
-6.02271,19.9129
-6.02271,19.9129
-6.02271,19.9129
-6.03461,19.9091
-6.03461,19.9091
-6.03461,19.9091
-6.03461,19.9091
-6.04645,19.9052
-6.04645,19.9052
-6.04645,19.9052
-6.04645,19.9052
-6.05825,19.9013
-6.05825,19.9013
-6.05825,19.9013
-6.05825,19.9013
-6.07,19.8974
-6.07,19.8974
-6.07,19.8974
-6.07,19.8974
-6.0817,19.8934
-6.0817,19.8934
-6.0817,19.8934
-6.0817,19.8934
-6.09336,19.8894
-6.09336,19.8894
-6.09336,19.8894
-6.09336,19.8894
-6.10497,19.8854
-6.10497,19.8854
-6.10497,19.8854
-6.10497,19.8854
-6.11656,19.8813
-6.11656,19.8813
-6.11656,19.8813
-6.11656,19.8813
-6.1281,19.8772
-6.1281,19.8772
-6.1281,19.8772
-6.1281,19.8772
-6.13962,19.873
-6.13962,19.873
-6.13962,19.873
-6.13962,19.873
-6.1511,19.8688
-6.1511,19.8688
-6.1511,19.8688
-6.1511,19.8688
-6.16256,19.8646
-6.16256,19.8646
-6.16256,19.8646
-6.16256,19.8646
-6.174,19.8603
-6.174,19.8603
-6.174,19.8603
-6.174,19.8603
-6.18541,19.856
-6.18541,19.856
-6.18541,19.856
-6.18541,19.856
-6.19679,19.8516
-6.19679,19.8516
-6.19679,19.8516
-6.19679,19.8516
-6.20816,19.8472
-6.20816,19.8472
-6.20816,19.8472
-6.20816,19.8472
-6.21951,19.8427
-6.21951,19.8427
-6.21951,19.8427
-6.21951,19.8427
-6.23085,19.8382
-6.23085,19.8382
-6.23085,19.8382
-6.23085,19.8382
-6.24217,19.8336
-6.24217,19.8336
-6.24217,19.8336
-6.24217,19.8336
-6.25348,19.829
-6.25348,19.829
-6.25348,19.829
-6.25348,19.829
-6.26478,19.8244
-6.26478,19.8244
-6.26478,19.8244
-6.26478,19.8244
-6.27606,19.8197
-6.27606,19.8197
-6.27606,19.8197
-6.27606,19.8197
-6.28735,19.8149
-6.28735,19.8149
-6.28735,19.8149
-6.28735,19.8149
-6.29862,19.8101
-6.29862,19.8101
-6.29862,19.8101
-6.29862,19.8101
-6.30989,19.8052
-6.30989,19.8052
-6.30989,19.8052
-6.30989,19.8052
-6.32115,19.8003
-6.32115,19.8003
-6.32115,19.8003
-6.32115,19.8003
-6.33241,19.7953
-6.33241,19.7953
-6.33241,19.7953
-6.33241,19.7953
-6.34367,19.7903
-6.34367,19.7903
-6.34367,19.7903
-6.34367,19.7903
-6.35493,19.7852
-6.35493,19.7852
-6.35493,19.7852
-6.35493,19.7852
-6.36618,19.7801
-6.36618,19.7801
-6.36618,19.7801
-6.36618,19.7801
-6.37744,19.7749
-6.37744,19.7749
-6.37744,19.7749
-6.37744,19.7749
-6.3887,19.7697
-6.3887,19.7697
-6.3887,19.7697
-6.3887,19.7697
-6.39996,19.7644
-6.39996,19.7644
-6.39996,19.7644
-6.39996,19.7644
-6.41122,19.759
-6.41122,19.759
-6.41122,19.759
-6.41122,19.759
-6.42249,19.7536
-6.42249,19.7536
-6.42249,19.7536
-6.42249,19.7536
-6.43376,19.7481
-6.43376,19.7481
-6.43376,19.7481
-6.43376,19.7481
-6.44504,19.7426
-6.44504,19.7426
-6.44504,19.7426
-6.44504,19.7426
-6.45632,19.737
-6.45632,19.737
-6.45632,19.737
-6.45632,19.737
-6.46761,19.7314
-6.46761,19.7314
-6.46761,19.7314
-6.46761,19.7314
-6.4789,19.7257
-6.4789,19.7257
-6.4789,19.7257
-6.4789,19.7257
-6.4902,19.7199
-6.4902,19.7199
-6.4902,19.7199
-6.4902,19.7199
-6.5015,19.7141
-6.5015,19.7141
-6.5015,19.7141
-6.5015,19.7141
-6.51281,19.7083
-6.51281,19.7083
-6.51281,19.7083
-6.51281,19.7083
-6.52413,19.7023
-6.52413,19.7023
-6.52413,19.7023
-6.52413,19.7023
-6.53546,19.6963
-6.53546,19.6963
-6.53546,19.6963
-6.53546,19.6963
-6.54679,19.6903
-6.54679,19.6903
-6.54679,19.6903
-6.54679,19.6903
-6.55813,19.6842
-6.55813,19.6842
-6.55813,19.6842
-6.55813,19.6842
-6.56948,19.678
-6.56948,19.678
-6.56948,19.678
-6.56948,19.678
-6.58083,19.6718
-6.58083,19.6718
-6.58083,19.6718
-6.58083,19.6718
-6.5922,19.6655
-6.5922,19.6655
-6.5922,19.6655
-6.5922,19.6655
-6.60357,19.6592
-6.60357,19.6592
-6.60357,19.6592
-6.60357,19.6592
-6.61494,19.6527
-6.61494,19.6527
-6.61494,19.6527
-6.61494,19.6527
-6.62632,19.6463
-6.62632,19.6463
-6.62632,19.6463
-6.62632,19.6463
-6.63771,19.6398
-6.63771,19.6398
-6.63771,19.6398
-6.63771,19.6398
-6.64911,19.6332
-6.64911,19.6332
-6.64911,19.6332
-6.64911,19.6332
-6.66051,19.6265
-6.66051,19.6265
-6.66051,19.6265
-6.66051,19.6265
-6.67192,19.6198
-6.67192,19.6198
-6.67192,19.6198
-6.67192,19.6198
-6.68333,19.613
-6.68333,19.613
-6.68333,19.613
-6.68333,19.613
-6.69475,19.6062
-6.69475,19.6062
-6.69475,19.6062
-6.69475,19.6062
-6.70617,19.5993
-6.70617,19.5993
-6.70617,19.5993
-6.70617,19.5993
-6.7176,19.5924
-6.7176,19.5924
-6.7176,19.5924
-6.7176,19.5924
-6.72903,19.5854
-6.72903,19.5854
-6.72903,19.5854
-6.72903,19.5854
-6.74047,19.5783
-6.74047,19.5783
-6.74047,19.5783
-6.74047,19.5783
-6.75191,19.5712
-6.75191,19.5712
-6.75191,19.5712
-6.75191,19.5712
-6.76335,19.564
-6.76335,19.564
-6.76335,19.564
-6.76335,19.564
-6.7748,19.5567
-6.7748,19.5567
-6.7748,19.5567
-6.7748,19.5567
-6.78624,19.5494
-6.78624,19.5494
-6.78624,19.5494
-6.78624,19.5494
-6.79769,19.542
-6.79769,19.542
-6.79769,19.542
-6.79769,19.542
-6.80914,19.5346
-6.80914,19.5346
-6.80914,19.5346
-6.80914,19.5346
-6.82059,19.5271
-6.82059,19.5271
-6.82059,19.5271
-6.82059,19.5271
-6.83204,19.5196
-6.83204,19.5196
-6.83204,19.5196
-6.83204,19.5196
-6.84349,19.512
-6.84349,19.512
-6.84349,19.512
-6.84349,19.512
-6.85494,19.5043
-6.85494,19.5043
-6.85494,19.5043
-6.85494,19.5043
-6.86638,19.4966
-6.86638,19.4966
-6.86638,19.4966
-6.86638,19.4966
-6.87783,19.4888
-6.87783,19.4888
-6.87783,19.4888
-6.87783,19.4888
-6.88927,19.4809
-6.88927,19.4809
-6.88927,19.4809
-6.88927,19.4809
-6.90071,19.473
-6.90071,19.473
-6.90071,19.473
-6.90071,19.473
-6.91214,19.465
-6.91214,19.465
-6.91214,19.465
-6.91214,19.465
-6.92357,19.457
-6.92357,19.457
-6.92357,19.457
-6.92357,19.457
-6.935,19.4489
-6.935,19.4489
-6.935,19.4489
-6.935,19.4489
-6.94641,19.4408
-6.94641,19.4408
-6.94641,19.4408
-6.94641,19.4408
-6.95783,19.4326
-6.95783,19.4326
-6.95783,19.4326
-6.95783,19.4326
-6.96923,19.4243
-6.96923,19.4243
-6.96923,19.4243
-6.96923,19.4243
-6.98063,19.416
-6.98063,19.416
-6.98063,19.416
-6.98063,19.416
-6.99202,19.4076
-6.99202,19.4076
-6.99202,19.4076
-6.99202,19.4076
-7.0034,19.3992
-7.0034,19.3992
-7.0034,19.3992
-7.0034,19.3992
-7.01478,19.3907
-7.01478,19.3907
-7.01478,19.3907
-7.01478,19.3907
-7.02614,19.3822
-7.02614,19.3822
-7.02614,19.3822
-7.02614,19.3822
-7.03749,19.3735
-7.03749,19.3735
-7.03749,19.3735
-7.03749,19.3735
-7.04883,19.3649
-7.04883,19.3649
-7.04883,19.3649
-7.04883,19.3649
-7.06016,19.3562
-7.06016,19.3562
-7.06016,19.3562
-7.06016,19.3562
-7.07148,19.3474
-7.07148,19.3474
-7.07148,19.3474
-7.07148,19.3474
-7.08278,19.3386
-7.08278,19.3386
-7.08278,19.3386
-7.08278,19.3386
-7.09407,19.3297
-7.09407,19.3297
-7.09407,19.3297
-7.09407,19.3297
-7.10535,19.3207
-7.10535,19.3207
-7.10535,19.3207
-7.10535,19.3207
-7.11661,19.3117
-7.11661,19.3117
-7.11661,19.3117
-7.11661,19.3117
-7.12786,19.3027
-7.12786,19.3027
-7.12786,19.3027
-7.12786,19.3027
-7.13909,19.2935
-7.13909,19.2935
-7.13909,19.2935
-7.13909,19.2935
-7.15031,19.2844
-7.15031,19.2844
-7.15031,19.2844
-7.15031,19.2844
-7.16151,19.2752
-7.16151,19.2752
-7.16151,19.2752
-7.16151,19.2752
-7.17269,19.2659
-7.17269,19.2659
-7.17269,19.2659
-7.17269,19.2659
-7.18385,19.2565
-7.18385,19.2565
-7.18385,19.2565
-7.18385,19.2565
-7.19499,19.2472
-7.19499,19.2472
-7.19499,19.2472
-7.19499,19.2472
-7.20612,19.2377
-7.20612,19.2377
-7.20612,19.2377
-7.20612,19.2377
-7.21722,19.2282
-7.21722,19.2282
-7.21722,19.2282
-7.21722,19.2282
-7.2283,19.2187
-7.2283,19.2187
-7.2283,19.2187
-7.2283,19.2187
-7.23937,19.2091
-7.23937,19.2091
-7.23937,19.2091
-7.23937,19.2091
-7.25041,19.1994
-7.25041,19.1994
-7.25041,19.1994
-7.25041,19.1994
-7.26143,19.1897
-7.26143,19.1897
-7.26143,19.1897
-7.26143,19.1897
-7.27242,19.18
-7.27242,19.18
-7.27242,19.18
-7.27242,19.18
-7.28339,19.1701
-7.28339,19.1701
-7.28339,19.1701
-7.28339,19.1701
-7.29434,19.1603
-7.29434,19.1603
-7.29434,19.1603
-7.29434,19.1603
-7.30527,19.1504
-7.30527,19.1504
-7.30527,19.1504
-7.30527,19.1504
-7.31617,19.1404
-7.31617,19.1404
-7.31617,19.1404
-7.31617,19.1404
-7.32704,19.1304
-7.32704,19.1304
-7.32704,19.1304
-7.32704,19.1304
-7.33789,19.1203
-7.33789,19.1203
-7.33789,19.1203
-7.33789,19.1203
-7.34871,19.1102
-7.34871,19.1102
-7.34871,19.1102
-7.34871,19.1102
-7.35951,19.1
-7.35951,19.1
-7.35951,19.1
-7.35951,19.1
-7.37028,19.0898
-7.37028,19.0898
-7.37028,19.0898
-7.37028,19.0898
-7.38102,19.0795
-7.38102,19.0795
-7.38102,19.0795
-7.38102,19.0795
-7.39173,19.0692
-7.39173,19.0692
-7.39173,19.0692
-7.39173,19.0692
-7.40242,19.0588
-7.40242,19.0588
-7.40242,19.0588
-7.40242,19.0588
-7.41307,19.0484
-7.41307,19.0484
-7.41307,19.0484
-7.41307,19.0484
-7.4237,19.0379
-7.4237,19.0379
-7.4237,19.0379
-7.4237,19.0379
-7.43429,19.0274
-7.43429,19.0274
-7.43429,19.0274
-7.43429,19.0274
-7.44485,19.0168
-7.44485,19.0168
-7.44485,19.0168
-7.44485,19.0168
-7.45539,19.0062
-7.45539,19.0062
-7.45539,19.0062
-7.45539,19.0062
-7.46589,18.9955
-7.46589,18.9955
-7.46589,18.9955
-7.46589,18.9955
-7.47636,18.9848
-7.47636,18.9848
-7.47636,18.9848
-7.47636,18.9848
-7.48679,18.974
-7.48679,18.974
-7.48679,18.974
-7.48679,18.974
-7.4972,18.9632
-7.4972,18.9632
-7.4972,18.9632
-7.4972,18.9632
-7.50757,18.9523
-7.50757,18.9523
-7.50757,18.9523
-7.50757,18.9523
-7.51791,18.9414
-7.51791,18.9414
-7.51791,18.9414
-7.51791,18.9414
-7.52821,18.9305
-7.52821,18.9305
-7.52821,18.9305
-7.52821,18.9305
-7.53848,18.9195
-7.53848,18.9195
-7.53848,18.9195
-7.53848,18.9195
-7.54871,18.9084
-7.54871,18.9084
-7.54871,18.9084
-7.54871,18.9084
-7.55891,18.8973
-7.55891,18.8973
-7.55891,18.8973
-7.55891,18.8973
-7.56907,18.8862
-7.56907,18.8862
-7.56907,18.8862
-7.56907,18.8862
-7.5792,18.875
-7.5792,18.875
-7.5792,18.875
-7.5792,18.875
-7.58929,18.8637
-7.58929,18.8637
-7.58929,18.8637
-7.58929,18.8637
-7.59935,18.8524
-7.59935,18.8524
-7.59935,18.8524
-7.59935,18.8524
-7.60936,18.8411
-7.60936,18.8411
-7.60936,18.8411
-7.60936,18.8411
-7.61934,18.8297
-7.61934,18.8297
-7.61934,18.8297
-7.61934,18.8297
-7.62928,18.8183
-7.62928,18.8183
-7.62928,18.8183
-7.62928,18.8183
-7.63918,18.8069
-7.63918,18.8069
-7.63918,18.8069
-7.63918,18.8069
-7.64904,18.7954
-7.64904,18.7954
-7.64904,18.7954
-7.64904,18.7954
-7.65887,18.7838
-7.65887,18.7838
-7.65887,18.7838
-7.65887,18.7838
-7.66865,18.7722
-7.66865,18.7722
-7.66865,18.7722
-7.66865,18.7722
-7.67839,18.7606
-7.67839,18.7606
-7.67839,18.7606
-7.67839,18.7606
-7.68809,18.7489
-7.68809,18.7489
-7.68809,18.7489
-7.68809,18.7489
-7.69776,18.7372
-7.69776,18.7372
-7.69776,18.7372
-7.69776,18.7372
-7.70739,18.7254
-7.70739,18.7254
-7.70739,18.7254
-7.70739,18.7254
-7.71697,18.7136
-7.71697,18.7136
-7.71697,18.7136
-7.71697,18.7136
-7.72651,18.7018
-7.72651,18.7018
-7.72651,18.7018
-7.72651,18.7018
-7.73601,18.6899
-7.73601,18.6899
-7.73601,18.6899
-7.73601,18.6899
-7.74547,18.6779
-7.74547,18.6779
-7.74547,18.6779
-7.74547,18.6779
-7.75488,18.666
-7.75488,18.666
-7.75488,18.666
-7.75488,18.666
-7.76426,18.6539
-7.76426,18.6539
-7.76426,18.6539
-7.76426,18.6539
-7.77358,18.6419
-7.77358,18.6419
-7.77358,18.6419
-7.77358,18.6419
-7.78286,18.6298
-7.78286,18.6298
-7.78286,18.6298
-7.78286,18.6298
-7.79211,18.6176
-7.79211,18.6176
-7.79211,18.6176
-7.79211,18.6176
-7.8013,18.6055
-7.8013,18.6055
-7.8013,18.6055
-7.8013,18.6055
-7.81045,18.5932
-7.81045,18.5932
-7.81045,18.5932
-7.81045,18.5932
-7.81956,18.581
-7.81956,18.581
-7.81956,18.581
-7.81956,18.581
-7.82863,18.5687
-7.82863,18.5687
-7.82863,18.5687
-7.82863,18.5687
-7.83764,18.5563
-7.83764,18.5563
-7.83764,18.5563
-7.83764,18.5563
-7.84662,18.544
-7.84662,18.544
-7.84662,18.544
-7.84662,18.544
-7.85554,18.5315
-7.85554,18.5315
-7.85554,18.5315
-7.85554,18.5315
-7.86442,18.5191
-7.86442,18.5191
-7.86442,18.5191
-7.86442,18.5191
-7.87326,18.5066
-7.87326,18.5066
-7.87326,18.5066
-7.87326,18.5066
-7.88205,18.4941
-7.88205,18.4941
-7.88205,18.4941
-7.88205,18.4941
-7.89079,18.4815
-7.89079,18.4815
-7.89079,18.4815
-7.89079,18.4815
-7.89948,18.4689
-7.89948,18.4689
-7.89948,18.4689
-7.89948,18.4689
-7.90813,18.4562
-7.90813,18.4562
-7.90813,18.4562
-7.90813,18.4562
-7.91673,18.4435
-7.91673,18.4435
-7.91673,18.4435
-7.91673,18.4435
-7.92528,18.4308
-7.92528,18.4308
-7.92528,18.4308
-7.92528,18.4308
-7.93379,18.4181
-7.93379,18.4181
-7.93379,18.4181
-7.93379,18.4181
-7.94225,18.4053
-7.94225,18.4053
-7.94225,18.4053
-7.94225,18.4053
-7.95066,18.3924
-7.95066,18.3924
-7.95066,18.3924
-7.95066,18.3924
-7.95902,18.3796
-7.95902,18.3796
-7.95902,18.3796
-7.95902,18.3796
-7.96733,18.3667
-7.96733,18.3667
-7.96733,18.3667
-7.96733,18.3667
-7.97559,18.3537
-7.97559,18.3537
-7.97559,18.3537
-7.97559,18.3537
-7.9838,18.3407
-7.9838,18.3407
-7.9838,18.3407
-7.9838,18.3407
-7.99197,18.3277
-7.99197,18.3277
-7.99197,18.3277
-7.99197,18.3277
-8.00009,18.3147
-8.00009,18.3147
-8.00009,18.3147
-8.00009,18.3147
-8.00815,18.3016
-8.00815,18.3016
-8.00815,18.3016
-8.00815,18.3016
-8.01616,18.2885
-8.01616,18.2885
-8.01616,18.2885
-8.01616,18.2885
-8.02413,18.2753
-8.02413,18.2753
-8.02413,18.2753
-8.02413,18.2753
-8.03204,18.2621
-8.03204,18.2621
-8.03204,18.2621
-8.03204,18.2621
-8.0399,18.2489
-8.0399,18.2489
-8.0399,18.2489
-8.0399,18.2489
-8.04771,18.2357
-8.04771,18.2357
-8.04771,18.2357
-8.04771,18.2357
-8.05547,18.2224
-8.05547,18.2224
-8.05547,18.2224
-8.05547,18.2224
-8.06318,18.2091
-8.06318,18.2091
-8.06318,18.2091
-8.06318,18.2091
-8.07084,18.1957
-8.07084,18.1957
-8.07084,18.1957
-8.07084,18.1957
-8.07844,18.1823
-8.07844,18.1823
-8.07844,18.1823
-8.07844,18.1823
-8.08599,18.1689
-8.08599,18.1689
-8.08599,18.1689
-8.08599,18.1689
-8.09349,18.1555
-8.09349,18.1555
-8.09349,18.1555
-8.09349,18.1555
-8.10094,18.142
-8.10094,18.142
-8.10094,18.142
-8.10094,18.142
-8.10834,18.1285
-8.10834,18.1285
-8.10834,18.1285
-8.10834,18.1285
-8.11568,18.1149
-8.11568,18.1149
-8.11568,18.1149
-8.11568,18.1149
-8.12297,18.1014
-8.12297,18.1014
-8.12297,18.1014
-8.12297,18.1014
-8.13021,18.0878
-8.13021,18.0878
-8.13021,18.0878
-8.13021,18.0878
-8.13739,18.0741
-8.13739,18.0741
-8.13739,18.0741
-8.13739,18.0741
-8.14452,18.0605
-8.14452,18.0605
-8.14452,18.0605
-8.14452,18.0605
-8.15159,18.0468
-8.15159,18.0468
-8.15159,18.0468
-8.15159,18.0468
-8.15861,18.033
-8.15861,18.033
-8.15861,18.033
-8.15861,18.033
-8.16558,18.0193
-8.16558,18.0193
-8.16558,18.0193
-8.16558,18.0193
-8.17249,18.0055
-8.17249,18.0055
-8.17249,18.0055
-8.17249,18.0055
-8.17935,17.9917
-8.17935,17.9917
-8.17935,17.9917
-8.17935,17.9917
-8.18615,17.9779
-8.18615,17.9779
-8.18615,17.9779
-8.18615,17.9779
-8.19289,17.964
-8.19289,17.964
-8.19289,17.964
-8.19289,17.964
-8.19958,17.9501
-8.19958,17.9501
-8.19958,17.9501
-8.19958,17.9501
-8.20621,17.9362
-8.20621,17.9362
-8.20621,17.9362
-8.20621,17.9362
-8.21279,17.9222
-8.21279,17.9222
-8.21279,17.9222
-8.21279,17.9222
-8.21932,17.9082
-8.21932,17.9082
-8.21932,17.9082
-8.21932,17.9082
-8.22578,17.8942
-8.22578,17.8942
-8.22578,17.8942
-8.22578,17.8942
-8.23219,17.8802
-8.23219,17.8802
-8.23219,17.8802
-8.23219,17.8802
-8.23855,17.8661
-8.23855,17.8661
-8.23855,17.8661
-8.23855,17.8661
-8.24485,17.852
-8.24485,17.852
-8.24485,17.852
-8.24485,17.852
-8.25109,17.8379
-8.25109,17.8379
-8.25109,17.8379
-8.25109,17.8379
-8.25728,17.8238
-8.25728,17.8238
-8.25728,17.8238
-8.25728,17.8238
-8.26341,17.8096
-8.26341,17.8096
-8.26341,17.8096
-8.26341,17.8096
-8.26948,17.7954
-8.26948,17.7954
-8.26948,17.7954
-8.26948,17.7954
-8.2755,17.7812
-8.2755,17.7812
-8.2755,17.7812
-8.2755,17.7812
-8.28145,17.767
-8.28145,17.767
-8.28145,17.767
-8.28145,17.767
-8.28734,17.7527
-8.28734,17.7527
-8.28734,17.7527
-8.28734,17.7527
-8.29318,17.7385
-8.29318,17.7385
-8.29318,17.7385
-8.29318,17.7385
-8.29895,17.7242
-8.29895,17.7242
-8.29895,17.7242
-8.29895,17.7242
-8.30467,17.7098
-8.30467,17.7098
-8.30467,17.7098
-8.30467,17.7098
-8.31031,17.6955
-8.31031,17.6955
-8.31031,17.6955
-8.31031,17.6955
-8.3159,17.6812
-8.3159,17.6812
-8.3159,17.6812
-8.3159,17.6812
-8.32142,17.6668
-8.32142,17.6668
-8.32142,17.6668
-8.32142,17.6668
-8.32687,17.6524
-8.32687,17.6524
-8.32687,17.6524
-8.32687,17.6524
-8.33224,17.638
-8.33224,17.638
-8.33224,17.638
-8.33224,17.638
-8.33755,17.6236
-8.33755,17.6236
-8.33755,17.6236
-8.33755,17.6236
-8.34277,17.6093
-8.34277,17.6093
-8.34277,17.6093
-8.34277,17.6093
-8.34793,17.5948
-8.34793,17.5948
-8.34793,17.5948
-8.34793,17.5948
-8.35301,17.5804
-8.35301,17.5804
-8.35301,17.5804
-8.35301,17.5804
-8.35801,17.566
-8.35801,17.566
-8.35801,17.566
-8.35801,17.566
-8.36295,17.5516
-8.36295,17.5516
-8.36295,17.5516
-8.36295,17.5516
-8.3678,17.5372
-8.3678,17.5372
-8.3678,17.5372
-8.3678,17.5372
-8.37255,17.5227
-8.37255,17.5227
-8.37255,17.5227
-8.37255,17.5227
-8.3772,17.5083
-8.3772,17.5083
-8.3772,17.5083
-8.3772,17.5083
-8.38174,17.494
-8.38174,17.494
-8.38174,17.494
-8.38174,17.494
-8.38612,17.4797
-8.38612,17.4797
-8.38612,17.4797
-8.38612,17.4797
-8.39032,17.4654
-8.39032,17.4654
-8.39032,17.4654
-8.39032,17.4654
-8.39431,17.4513
-8.39431,17.4513
-8.39431,17.4513
-8.39431,17.4513
-8.3981,17.4373
-8.3981,17.4373
-8.3981,17.4373
-8.3981,17.4373
-8.40166,17.4233
-8.40166,17.4233
-8.40166,17.4233
-8.40166,17.4233
-8.40501,17.4095
-8.40501,17.4095
-8.40501,17.4095
-8.40501,17.4095
-8.40811,17.3958
-8.40811,17.3958
-8.40811,17.3958
-8.40811,17.3958
-8.4109,17.3823
-8.4109,17.3823
-8.4109,17.3823
-8.4109,17.3823
-8.41337,17.3691
-8.41337,17.3691
-8.41337,17.3691
-8.41337,17.3691
-8.41543,17.3562
-8.41543,17.3562
-8.41543,17.3562
-8.41543,17.3562
-8.41813,17.3425
-8.41813,17.3425
-8.41813,17.3425
-8.41813,17.3425
-8.42027,17.3295
-8.42027,17.3295
-8.42027,17.3295
-8.42027,17.3295
-8.42255,17.3162
-8.42255,17.3162
-8.42255,17.3162
-8.42255,17.3162
-8.42477,17.303
-8.42477,17.303
-8.42477,17.303
-8.42477,17.303
-8.42553,17.2916
-8.42553,17.2916
-8.42553,17.2916
-8.42553,17.2916
-8.42843,17.2774
-8.42843,17.2774
-8.42843,17.2774
-8.42843,17.2774
-8.43151,17.2631
-8.43151,17.2631
-8.43151,17.2631
-8.43151,17.2631
-8.4347,17.2487
-8.4347,17.2487
-8.4347,17.2487
-8.4347,17.2487
-8.43789,17.2341
-8.43789,17.2341
-8.43789,17.2341
-8.43789,17.2341
-8.44115,17.2194
-8.44115,17.2194
-8.44115,17.2194
-8.44115,17.2194
-8.4498,17.2043
-8.4498,17.2043
-8.4498,17.2043
-8.4498,17.2043
-8.45784,17.1892
-8.45784,17.1892
-8.45784,17.1892
-8.45784,17.1892
-8.46079,17.1737
-8.46079,17.1737
-8.46079,17.1737
-8.46079,17.1737
-8.44735,17.1576
-8.44735,17.1576
-8.44735,17.1576
-8.44735,17.1576
-8.4001,17.1416
-8.4001,17.1416
-8.4001,17.1416
-8.4001,17.1416
-8.30073,17.1263
-8.30073,17.1263
-8.30073,17.1263
-8.30073,17.1263
-8.13828,17.1093
-8.13828,17.1093
-8.13828,17.1093
-8.13828,17.1093
-7.91373,17.0843
-7.91373,17.0843
-7.91373,17.0843
-7.91373,17.0843
-7.63608,17.0473
-7.63608,17.0473
-7.63608,17.0473
-7.63608,17.0473
-7.31595,16.9978
-7.31595,16.9978
-7.31595,16.9978
-7.31595,16.9978
-6.96234,16.9388
-6.96234,16.9388
-6.96234,16.9388
-6.96234,16.9388
-6.5837,16.8754
-6.5837,16.8754
-6.5837,16.8754
-6.5837,16.8754
-6.19093,16.8128
-6.19093,16.8128
-6.19093,16.8128
-6.19093,16.8128
-5.79737,16.7544
-5.79737,16.7544
-5.79737,16.7544
-5.79737,16.7544
-5.41474,16.7037
-5.41474,16.7037
-5.41474,16.7037
-5.41474,16.7037
-5.05308,16.664
-5.05308,16.664
-5.05308,16.664
-5.05308,16.664
-4.72078,16.6372
-4.72078,16.6372
-4.72078,16.6372
-4.72078,16.6372
-4.42461,16.6237
-4.42461,16.6237
-4.42461,16.6237
-4.42461,16.6237
-4.16966,16.6227
-4.16966,16.6227
-4.16966,16.6227
-4.16966,16.6227
-3.95961,16.6321
-3.95961,16.6321
-3.95961,16.6321
-3.95961,16.6321
-3.79698,16.6484
-3.79698,16.6484
-3.79698,16.6484
-3.79698,16.6484
-3.68334,16.6676
-3.68334,16.6676
-3.68334,16.6676
-3.68334,16.6676
-3.61948,16.6844
-3.61948,16.6844
-3.61948,16.6844
-3.61948,16.6844
-3.60535,16.6933
-3.60535,16.6933
-3.60535,16.6933
-3.60535,16.6933
-3.64017,16.6884
-3.64017,16.6884
-3.64017,16.6884
-3.64017,16.6884
-3.72236,16.6638
-3.72236,16.6638
-3.72236,16.6638
-3.72236,16.6638
-3.84963,16.6144
-3.84963,16.6144
-3.84963,16.6144
-3.84963,16.6144
-4.01906,16.5358
-4.01906,16.5358
-4.01906,16.5358
-4.01906,16.5358
-4.22728,16.4247
-4.22728,16.4247
-4.22728,16.4247
-4.22728,16.4247
-4.47057,16.2792
-4.47057,16.2792
-4.47057,16.2792
-4.47057,16.2792
-4.74515,16.0987
-4.74515,16.0987
-4.74515,16.0987
-4.74515,16.0987
-5.04723,15.8845
-5.04723,15.8845
-5.04723,15.8845
-5.04723,15.8845
-5.37317,15.6394
-5.37317,15.6394
-5.37317,15.6394
-5.37317,15.6394
-5.72001,15.3731
-5.72001,15.3731
-5.72001,15.3731
-5.72001,15.3731
-6.08407,15.0914
-6.08407,15.0914
-6.08407,15.0914
-6.08407,15.0914
-6.46256,14.8018
-6.46256,14.8018
-6.46256,14.8018
-6.46256,14.8018
-6.85267,14.5158
-6.85267,14.5158
-6.85267,14.5158
-6.85267,14.5158
-7.2512,14.2462
-7.2512,14.2462
-7.2512,14.2462
-7.2512,14.2462
-7.65394,14.0039
-7.65394,14.0039
-7.65394,14.0039
-7.65394,14.0039
-8.05439,13.7978
-8.05439,13.7978
-8.05439,13.7978
-8.05439,13.7978
-8.44324,13.6363
-8.44324,13.6363
-8.44324,13.6363
-8.44324,13.6363
-8.80835,13.5285
-8.80835,13.5285
-8.80835,13.5285
-8.80835,13.5285
-9.13555,13.4842
-9.13555,13.4842
-9.13555,13.4842
-9.13555,13.4842
-9.40916,13.5104
-9.40916,13.5104
-9.40916,13.5104
-9.40916,13.5104
-9.61722,13.6018
-9.61722,13.6018
-9.61722,13.6018
-9.61722,13.6018
-9.75587,13.7328
-9.75587,13.7328
-9.75587,13.7328
-9.75587,13.7328
-9.82744,13.873
-9.82744,13.873
-9.82744,13.873
-9.82744,13.873
-9.83237,14.0119
-9.83237,14.0119
-9.83237,14.0119
-9.83237,14.0119
-9.77045,14.1486
-9.77045,14.1486
-9.77045,14.1486
-9.77045,14.1486
-9.64392,14.2823
-9.64392,14.2823
-9.64392,14.2823
-9.64392,14.2823
-9.45753,14.4115
-9.45753,14.4115
-9.45753,14.4115
-9.45753,14.4115
-9.21848,14.5341
-9.21848,14.5341
-9.21848,14.5341
-9.21848,14.5341
-8.93531,14.6492
-8.93531,14.6492
-8.93531,14.6492
-8.93531,14.6492
-8.61729,14.7574
-8.61729,14.7574
-8.61729,14.7574
-8.61729,14.7574
-8.27414,14.8597
-8.27414,14.8597
-8.27414,14.8597
-8.27414,14.8597
-7.9158,14.957
-7.9158,14.957
-7.9158,14.957
-7.9158,14.957
-7.55183,15.0509
-7.55183,15.0509
-7.55183,15.0509
-7.55183,15.0509
-7.19121,15.1421
-7.19121,15.1421
-7.19121,15.1421
-7.19121,15.1421
-6.84222,15.2309
-6.84222,15.2309
-6.84222,15.2309
-6.84222,15.2309
-6.51231,15.3171
-6.51231,15.3171
-6.51231,15.3171
-6.51231,15.3171
-6.20773,15.3998
-6.20773,15.3998
-6.20773,15.3998
-6.20773,15.3998
-5.93424,15.4776
-5.93424,15.4776
-5.93424,15.4776
-5.93424,15.4776
-5.69638,15.5485
-5.69638,15.5485
-5.69638,15.5485
-5.69638,15.5485
-5.49761,15.6097
-5.49761,15.6097
-5.49761,15.6097
-5.49761,15.6097
-5.34022,15.6594
-5.34022,15.6594
-5.34022,15.6594
-5.34022,15.6594
-5.22527,15.6959
-5.22527,15.6959
-5.22527,15.6959
-5.22527,15.6959
-5.15326,15.7144
-5.15326,15.7144
-5.15326,15.7144
-5.15326,15.7144
-5.12429,15.7114
-5.12429,15.7114
-5.12429,15.7114
-5.12429,15.7114
-5.13697,15.6846
-5.13697,15.6846
-5.13697,15.6846
-5.13697,15.6846
-5.18937,15.6319
-5.18937,15.6319
-5.18937,15.6319
-5.18937,15.6319
-5.2787,15.5526
-5.2787,15.5526
-5.2787,15.5526
-5.2787,15.5526
-5.40159,15.4471
-5.40159,15.4471
-5.40159,15.4471
-5.40159,15.4471
-5.55387,15.3231
-5.55387,15.3231
-5.55387,15.3231
-5.55387,15.3231
-5.73126,15.1841
-5.73126,15.1841
-5.73126,15.1841
-5.73126,15.1841
-5.9301,15.0339
-5.9301,15.0339
-5.9301,15.0339
-5.9301,15.0339
-6.14656,14.8775
-6.14656,14.8775
-6.14656,14.8775
-6.14656,14.8775
-6.37693,14.7207
-6.37693,14.7207
-6.37693,14.7207
-6.37693,14.7207
-6.61783,14.5706
-6.61783,14.5706
-6.61783,14.5706
-6.61783,14.5706
-6.86662,14.4337
-6.86662,14.4337
-6.86662,14.4337
-6.86662,14.4337
-7.12131,14.314
-7.12131,14.314
-7.12131,14.314
-7.12131,14.314
-7.38009,14.2131
-7.38009,14.2131
-7.38009,14.2131
-7.38009,14.2131
-7.64094,14.1307
-7.64094,14.1307
-7.64094,14.1307
-7.64094,14.1307
-7.90119,14.0663
-7.90119,14.0663
-7.90119,14.0663
-7.90119,14.0663
-8.15747,14.0186
-8.15747,14.0186
-8.15747,14.0186
-8.15747,14.0186
-8.40558,13.9873
-8.40558,13.9873
-8.40558,13.9873
-8.40558,13.9873
-8.64034,13.9728
-8.64034,13.9728
-8.64034,13.9728
-8.64034,13.9728
-8.85566,13.9755
-8.85566,13.9755
-8.85566,13.9755
-8.85566,13.9755
-9.0445,13.9956
-9.0445,13.9956
-9.0445,13.9956
-9.0445,13.9956
-9.19814,14.033
-9.19814,14.033
-9.19814,14.033
-9.19814,14.033
-9.30624,14.0878
-9.30624,14.0878
-9.30624,14.0878
-9.30624,14.0878
-9.35778,14.1608
-9.35778,14.1608
-9.35778,14.1608
-9.35778,14.1608
-9.34203,14.2519
-9.34203,14.2519
-9.34203,14.2519
-9.34203,14.2519
-9.24992,14.3601
-9.24992,14.3601
-9.24992,14.3601
-9.24992,14.3601
-9.07605,14.4818
-9.07605,14.4818
-9.07605,14.4818
-9.07605,14.4818
-8.81969,14.6105
-8.81969,14.6105
-8.81969,14.6105
-8.81969,14.6105
-8.48426,14.7398
-8.48426,14.7398
-8.48426,14.7398
-8.48426,14.7398
-8.07634,14.8651
-8.07634,14.8651
-8.07634,14.8651
-8.07634,14.8651
-7.60588,14.9832
-7.60588,14.9832
-7.60588,14.9832
-7.60588,14.9832
-7.08589,15.0918
-7.08589,15.0918
-7.08589,15.0918
-7.08589,15.0918
-6.53119,15.1895
-6.53119,15.1895
-6.53119,15.1895
-6.53119,15.1895
-5.95809,15.2747
-5.95809,15.2747
-5.95809,15.2747
-5.95809,15.2747
-5.38212,15.3487
-5.38212,15.3487
-5.38212,15.3487
-5.38212,15.3487
-4.81777,15.4092
-4.81777,15.4092
-4.81777,15.4092
-4.81777,15.4092
-4.27771,15.4556
-4.27771,15.4556
-4.27771,15.4556
-4.27771,15.4556
-3.77175,15.4872
-3.77175,15.4872
-3.77175,15.4872
-3.77175,15.4872
-3.30706,15.503
-3.30706,15.503
-3.30706,15.503
-3.30706,15.503
-2.8884,15.5012
-2.8884,15.5012
-2.8884,15.5012
-2.8884,15.5012
-2.51828,15.4795
-2.51828,15.4795
-2.51828,15.4795
-2.51828,15.4795
-2.19714,15.4356
-2.19714,15.4356
-2.19714,15.4356
-2.19714,15.4356
-1.92416,15.3659
-1.92416,15.3659
-1.92416,15.3659
-1.92416,15.3659
-1.69718,15.2668
-1.69718,15.2668
-1.69718,15.2668
-1.69718,15.2668
-1.51319,15.1347
-1.51319,15.1347
-1.51319,15.1347
-1.51319,15.1347
-1.36862,14.9659
-1.36862,14.9659
-1.36862,14.9659
-1.36862,14.9659
-1.25968,14.7569
-1.25968,14.7569
-1.25968,14.7569
-1.25968,14.7569
-1.18274,14.505
-1.18274,14.505
-1.18274,14.505
-1.18274,14.505
-1.13497,14.208
-1.13497,14.208
-1.13497,14.208
-1.13497,14.208
-1.11423,13.8664
-1.11423,13.8664
-1.11423,13.8664
-1.11423,13.8664
-1.1207,13.4852
-1.1207,13.4852
-1.1207,13.4852
-1.1207,13.4852
-1.15919,13.0687
-1.15919,13.0687
-1.15919,13.0687
-1.15919,13.0687
-1.23363,12.6194
-1.23363,12.6194
-1.23363,12.6194
-1.23363,12.6194
-1.35217,12.1369
-1.35217,12.1369
-1.35217,12.1369
-1.35217,12.1369
-1.52453,11.6203
-1.52453,11.6203
-1.52453,11.6203
-1.52453,11.6203
-1.76191,11.0703
-1.76191,11.0703
-1.76191,11.0703
-1.76191,11.0703
-2.07506,10.489
-2.07506,10.489
-2.07506,10.489
-2.07506,10.489
-2.47299,9.88399
-2.47299,9.88399
-2.47299,9.88399
-2.47299,9.88399
-2.96148,9.26786
-2.96148,9.26786
-2.96148,9.26786
-2.96148,9.26786
-3.54005,8.65703
-3.54005,8.65703
-3.54005,8.65703
-3.54005,8.65703
-4.20048,8.07281
-4.20048,8.07281
-4.20048,8.07281
-4.20048,8.07281
-4.92644,7.54319
-4.92644,7.54319
-4.92644,7.54319
-4.92644,7.54319
-5.69302,7.10243
-5.69302,7.10243
-5.69302,7.10243
-5.69302,7.10243
-6.47023,6.79114
-6.47023,6.79114
-6.47023,6.79114
-6.47023,6.79114
-7.22666,6.65489
-7.22666,6.65489
-7.22666,6.65489
-7.22666,6.65489
-7.93109,6.73796
-7.93109,6.73796
-7.93109,6.73796
-7.93109,6.73796
-8.53742,7.04795
-8.53742,7.04795
-8.53742,7.04795
-8.53742,7.04795
-8.95587,7.47713
-8.95587,7.47713
-8.95587,7.47713
-8.95587,7.47713
-9.13447,7.92162
-9.13447,7.92162
-9.13447,7.92162
-9.13447,7.92162
-9.08592,8.37763
-9.08592,8.37763
-9.08592,8.37763
-9.08592,8.37763
-8.83348,8.84559
-8.83348,8.84559
-8.83348,8.84559
-8.83348,8.84559
-8.40685,9.32236
-8.40685,9.32236
-8.40685,9.32236
-8.40685,9.32236
-7.84086,9.79836
-7.84086,9.79836
-7.84086,9.79836
-7.84086,9.79836
-7.17258,10.2632
-7.17258,10.2632
-7.17258,10.2632
-7.17258,10.2632
-6.43827,10.7076
-6.43827,10.7076
-6.43827,10.7076
-6.43827,10.7076
-5.67057,11.1242
-5.67057,11.1242
-5.67057,11.1242
-5.67057,11.1242
-4.89799,11.5075
-4.89799,11.5075
-4.89799,11.5075
-4.89799,11.5075
-4.14366,11.8533
-4.14366,11.8533
-4.14366,11.8533
-4.14366,11.8533
-3.42514,12.1587
-3.42514,12.1587
-3.42514,12.1587
-3.42514,12.1587
-2.75471,12.4213
-2.75471,12.4213
-2.75471,12.4213
-2.75471,12.4213
-2.14025,12.6386
-2.14025,12.6386
-2.14025,12.6386
-2.14025,12.6386
-1.58591,12.808
-1.58591,12.808
-1.58591,12.808
-1.58591,12.808
-1.09276,12.9266
-1.09276,12.9266
-1.09276,12.9266
-1.09276,12.9266
-0.659613,12.9906
-0.659613,12.9906
-0.659613,12.9906
-0.659613,12.9906
-0.28363,12.9966
-0.28363,12.9966
-0.28363,12.9966
-0.28363,12.9966
0.0392813,12.9411
0.0392813,12.9411
0.0392813,12.9411
0.0392813,12.9411
0.313409,12.8192
0.313409,12.8192
0.313409,12.8192
0.313409,12.8192
0.54316,12.6251
0.54316,12.6251
0.54316,12.6251
0.54316,12.6251
0.732731,12.3519
0.732731,12.3519
0.732731,12.3519
0.732731,12.3519
0.885931,11.9919
0.885931,11.9919
0.885931,11.9919
0.885931,11.9919
1.00576,11.5364
1.00576,11.5364
1.00576,11.5364
1.00576,11.5364
1.09477,10.9796
1.09477,10.9796
1.09477,10.9796
1.09477,10.9796
1.15386,10.32
1.15386,10.32
1.15386,10.32
1.15386,10.32
1.18079,9.56459
1.18079,9.56459
1.18079,9.56459
1.18079,9.56459
1.17011,8.73581
1.17011,8.73581
1.17011,8.73581
1.17011,8.73581
1.11161,7.86628
1.11161,7.86628
1.11161,7.86628
1.11161,7.86628
0.989353,6.9968
0.989353,6.9968
0.989353,6.9968
0.989353,6.9968
0.785687,6.1696
0.785687,6.1696
0.785687,6.1696
0.785687,6.1696
0.473326,5.42234
0.473326,5.42234
0.473326,5.42234
0.473326,5.42234
0.0229357,4.77463
0.0229357,4.77463
0.0229357,4.77463
0.0229357,4.77463
-0.582552,4.23842
-0.582552,4.23842
-0.582552,4.23842
-0.582552,4.23842
-1.34584,3.83775
-1.34584,3.83775
-1.34584,3.83775
-1.34584,3.83775
-2.26258,3.61702
-2.26258,3.61702
-2.26258,3.61702
-2.26258,3.61702
-3.32363,3.61492
-3.32363,3.61492
-3.32363,3.61492
-3.32363,3.61492
-4.47815,3.84421
-4.47815,3.84421
-4.47815,3.84421
-4.47815,3.84421
-5.62658,4.28532
-5.62658,4.28532
-5.62658,4.28532
-5.62658,4.28532
-6.6394,4.88223
-6.6394,4.88223
-6.6394,4.88223
-6.6394,4.88223
-7.37961,5.51766
-7.37961,5.51766
-7.37961,5.51766
-7.37961,5.51766
-7.77277,6.05307
-7.77277,6.05307
-7.77277,6.05307
-7.77277,6.05307
-7.8945,6.52257
-7.8945,6.52257
-7.8945,6.52257
-7.8945,6.52257
-7.81355,6.9631
-7.81355,6.9631
-7.81355,6.9631
-7.81355,6.9631
-7.58803,7.3904
-7.58803,7.3904
-7.58803,7.3904
-7.58803,7.3904
-7.2654,7.81054
-7.2654,7.81054
-7.2654,7.81054
-7.2654,7.81054
-6.88221,8.21975
-6.88221,8.21975
-6.88221,8.21975
-6.88221,8.21975
-6.46999,8.6123
-6.46999,8.6123
-6.46999,8.6123
-6.46999,8.6123
-6.05541,8.98259
-6.05541,8.98259
-6.05541,8.98259
-6.05541,8.98259
-5.66067,9.32533
-5.66067,9.32533
-5.66067,9.32533
-5.66067,9.32533
-5.30327,9.63668
-5.30327,9.63668
-5.30327,9.63668
-5.30327,9.63668
-4.99896,9.91423
-4.99896,9.91423
-4.99896,9.91423
-4.99896,9.91423
-4.76093,10.1577
-4.76093,10.1577
-4.76093,10.1577
-4.76093,10.1577
-4.60017,10.369
-4.60017,10.369
-4.60017,10.369
-4.60017,10.369
-4.52499,10.5519
-4.52499,10.5519
-4.52499,10.5519
-4.52499,10.5519
-4.53844,10.7124
-4.53844,10.7124
-4.53844,10.7124
-4.53844,10.7124
-4.62863,10.8503
-4.62863,10.8503
-4.62863,10.8503
-4.62863,10.8503
-4.79121,10.9639
-4.79121,10.9639
-4.79121,10.9639
-4.79121,10.9639
-5.01918,11.0556
-5.01918,11.0556
-5.01918,11.0556
-5.01918,11.0556
-5.30096,11.1228
-5.30096,11.1228
-5.30096,11.1228
-5.30096,11.1228
-5.6248,11.164
-5.6248,11.164
-5.6248,11.164
-5.6248,11.164
-5.97651,11.1797
-5.97651,11.1797
-5.97651,11.1797
-5.97651,11.1797
-6.34192,11.1715
-6.34192,11.1715
-6.34192,11.1715
-6.34192,11.1715
-6.70773,11.1416
-6.70773,11.1416
-6.70773,11.1416
-6.70773,11.1416
-7.06043,11.0948
-7.06043,11.0948
-7.06043,11.0948
-7.06043,11.0948
-7.38741,11.0428
-7.38741,11.0428
-7.38741,11.0428
-7.38741,11.0428
-7.67881,11.003
-7.67881,11.003
-7.67881,11.003
-7.67881,11.003
-7.92986,10.9975
-7.92986,10.9975
-7.92986,10.9975
-7.92986,10.9975
-8.13899,11.0457
-8.13899,11.0457
-8.13899,11.0457
-8.13899,11.0457
-8.30356,11.1522
-8.30356,11.1522
-8.30356,11.1522
-8.30356,11.1522
-8.42069,11.2953
-8.42069,11.2953
-8.42069,11.2953
-8.42069,11.2953
-8.49057,11.4485
-8.49057,11.4485
-8.49057,11.4485
-8.49057,11.4485
-8.51571,11.5997
-8.51571,11.5997
-8.51571,11.5997
-8.51571,11.5997
-8.49861,11.746
-8.49861,11.746
-8.49861,11.746
-8.49861,11.746
-8.4417,11.887
-8.4417,11.887
-8.4417,11.887
-8.4417,11.887
-8.34723,12.0236
-8.34723,12.0236
-8.34723,12.0236
-8.34723,12.0236
-8.21785,12.1565
-8.21785,12.1565
-8.21785,12.1565
-8.21785,12.1565
-8.05702,12.2857
-8.05702,12.2857
-8.05702,12.2857
-8.05702,12.2857
-7.86922,12.411
-7.86922,12.411
-7.86922,12.411
-7.86922,12.411
-7.65984,12.5317
-7.65984,12.5317
-7.65984,12.5317
-7.65984,12.5317
-7.43489,12.6472
-7.43489,12.6472
-7.43489,12.6472
-7.43489,12.6472
-7.20064,12.757
-7.20064,12.757
-7.20064,12.757
-7.20064,12.757
-6.96345,12.8601
-6.96345,12.8601
-6.96345,12.8601
-6.96345,12.8601
-6.72954,12.9552
-6.72954,12.9552
-6.72954,12.9552
-6.72954,12.9552
-6.50429,13.0418
-6.50429,13.0418
-6.50429,13.0418
-6.50429,13.0418
-6.29258,13.1189
-6.29258,13.1189
-6.29258,13.1189
-6.29258,13.1189
-6.09853,13.1856
-6.09853,13.1856
-6.09853,13.1856
-6.09853,13.1856
-5.92548,13.2409
-5.92548,13.2409
-5.92548,13.2409
-5.92548,13.2409
-5.77597,13.2832
-5.77597,13.2832
-5.77597,13.2832
-5.77597,13.2832
-5.65247,13.3114
-5.65247,13.3114
-5.65247,13.3114
-5.65247,13.3114
-5.55663,13.3244
-5.55663,13.3244
-5.55663,13.3244
-5.55663,13.3244
-5.48954,13.3211
-5.48954,13.3211
-5.48954,13.3211
-5.48954,13.3211
-5.45138,13.3014
-5.45138,13.3014
-5.45138,13.3014
-5.45138,13.3014
-5.44178,13.2651
-5.44178,13.2651
-5.44178,13.2651
-5.44178,13.2651
-5.45997,13.2123
-5.45997,13.2123
-5.45997,13.2123
-5.45997,13.2123
-5.50464,13.1431
-5.50464,13.1431
-5.50464,13.1431
-5.50464,13.1431
-5.57398,13.0583
-5.57398,13.0583
-5.57398,13.0583
-5.57398,13.0583
-5.66582,12.9595
-5.66582,12.9595
-5.66582,12.9595
-5.66582,12.9595
-5.77763,12.8491
-5.77763,12.8491
-5.77763,12.8491
-5.77763,12.8491
-5.90667,12.7303
-5.90667,12.7303
-5.90667,12.7303
-5.90667,12.7303
-6.04991,12.6063
-6.04991,12.6063
-6.04991,12.6063
-6.04991,12.6063
-6.20399,12.4824
-6.20399,12.4824
-6.20399,12.4824
-6.20399,12.4824
-6.36544,12.3641
-6.36544,12.3641
-6.36544,12.3641
-6.36544,12.3641
-6.53062,12.2576
-6.53062,12.2576
-6.53062,12.2576
-6.53062,12.2576
-6.69609,12.1687
-6.69609,12.1687
-6.69609,12.1687
-6.69609,12.1687
-6.85859,12.102
-6.85859,12.102
-6.85859,12.102
-6.85859,12.102
-7.01522,12.0602
-7.01522,12.0602
-7.01522,12.0602
-7.01522,12.0602
-7.16319,12.0431
-7.16319,12.0431
-7.16319,12.0431
-7.16319,12.0431
-7.29994,12.0478
-7.29994,12.0478
-7.29994,12.0478
-7.29994,12.0478
-7.4233,12.0696
-7.4233,12.0696
-7.4233,12.0696
-7.4233,12.0696
-7.5314,12.1041
-7.5314,12.1041
-7.5314,12.1041
-7.5314,12.1041
-7.6227,12.1462
-7.6227,12.1462
-7.6227,12.1462
-7.6227,12.1462
-7.69563,12.1947
-7.69563,12.1947
-7.69563,12.1947
-7.69563,12.1947
-7.7487,12.2493
-7.7487,12.2493
-7.7487,12.2493
-7.7487,12.2493
-7.78042,12.3092
-7.78042,12.3092
-7.78042,12.3092
-7.78042,12.3092
-7.78885,12.3746
-7.78885,12.3746
-7.78885,12.3746
-7.78885,12.3746
-7.7715,12.4466
-7.7715,12.4466
-7.7715,12.4466
-7.7715,12.4466
-7.72538,12.5258
-7.72538,12.5258
-7.72538,12.5258
-7.72538,12.5258
-7.64698,12.6126
-7.64698,12.6126
-7.64698,12.6126
-7.64698,12.6126
-7.53195,12.7072
-7.53195,12.7072
-7.53195,12.7072
-7.53195,12.7072
-7.37435,12.8086
-7.37435,12.8086
-7.37435,12.8086
-7.37435,12.8086
-7.16568,12.9157
-7.16568,12.9157
-7.16568,12.9157
-7.16568,12.9157
-6.89565,13.0256
-6.89565,13.0256
-6.89565,13.0256
-6.89565,13.0256
-6.55334,13.1349
-6.55334,13.1349
-6.55334,13.1349
-6.55334,13.1349
-6.13039,13.2408
-6.13039,13.2408
-6.13039,13.2408
-6.13039,13.2408
-5.61847,13.3381
-5.61847,13.3381
-5.61847,13.3381
-5.61847,13.3381
-5.01426,13.42
-5.01426,13.42
-5.01426,13.42
-5.01426,13.42
-4.32019,13.472
-4.32019,13.472
-4.32019,13.472
-4.32019,13.472
-3.54573,13.4863
-3.54573,13.4863
-3.54573,13.4863
-3.54573,13.4863
-2.70311,13.4567
-2.70311,13.4567
-2.70311,13.4567
-2.70311,13.4567
-1.80825,13.3765
-1.80825,13.3765
-1.80825,13.3765
-1.80825,13.3765
-0.87884,13.2398
-0.87884,13.2398
-0.87884,13.2398
-0.87884,13.2398
0.0672373,13.0501
0.0672373,13.0501
0.0672373,13.0501
0.0672373,13.0501
1.01166,12.8019
1.01166,12.8019
1.01166,12.8019
1.01166,12.8019
1.93826,12.491
1.93826,12.491
1.93826,12.491
1.93826,12.491
2.83202,12.1098
2.83202,12.1098
2.83202,12.1098
2.83202,12.1098
3.67909,11.6472
3.67909,11.6472
3.67909,11.6472
3.67909,11.6472
4.46572,11.0861
4.46572,11.0861
4.46572,11.0861
4.46572,11.0861
5.17624,10.4016
5.17624,10.4016
5.17624,10.4016
5.17624,10.4016
5.78942,9.55924
5.78942,9.55924
5.78942,9.55924
5.78942,9.55924
6.28163,8.52542
6.28163,8.52542
6.28163,8.52542
6.28163,8.52542
6.64319,7.30405
6.64319,7.30405
6.64319,7.30405
6.64319,7.30405
6.92858,6.01734
6.92858,6.01734
6.92858,6.01734
6.92858,6.01734
7.18391,4.8024
7.18391,4.8024
7.18391,4.8024
7.18391,4.8024
7.42813,3.74523
7.42813,3.74523
7.42813,3.74523
7.42813,3.74523
7.64997,2.8642
7.64997,2.8642
7.64997,2.8642
7.64997,2.8642
7.84241,2.15243
7.84241,2.15243
7.84241,2.15243
7.84241,2.15243
8.00496,1.59635
8.00496,1.59635
8.00496,1.59635
8.00496,1.59635
8.13874,1.18644
8.13874,1.18644
8.13874,1.18644
8.13874,1.18644
8.24347,0.918368
8.24347,0.918368
8.24347,0.918368
8.24347,0.918368
8.31935,0.784146
8.31935,0.784146
8.31935,0.784146
8.31935,0.784146
8.36816,0.761827
8.36816,0.761827
8.36816,0.761827
8.36816,0.761827
8.38328,0.809744
8.38328,0.809744
8.38328,0.809744
8.38328,0.809744
8.34066,0.864128
8.34066,0.864128
8.34066,0.864128
8.34066,0.864128
8.16356,0.846545
8.16356,0.846545
8.16356,0.846545
8.16356,0.846545
7.69863,0.765181
7.69863,0.765181
7.69863,0.765181
7.69863,0.765181
6.92646,0.739733
6.92646,0.739733
6.92646,0.739733
6.92646,0.739733
5.9174,0.753305
5.9174,0.753305
5.9174,0.753305
5.9174,0.753305
4.69846,0.794909
4.69846,0.794909
4.69846,0.794909
4.69846,0.794909
3.26066,0.84327
3.26066,0.84327
3.26066,0.84327
3.26066,0.84327
1.60546,0.874943
1.60546,0.874943
1.60546,0.874943
1.60546,0.874943
-0.159494,0.903616
-0.159494,0.903616
-0.159494,0.903616
-0.159494,0.903616
-1.78701,1.08349
-1.78701,1.08349
-1.78701,1.08349
-1.78701,1.08349
-3.13179,1.50453
-3.13179,1.50453
-3.13179,1.50453
-3.13179,1.50453
-4.12413,2.15493
-4.12413,2.15493
-4.12413,2.15493
-4.12413,2.15493
-4.77782,2.96224
-4.77782,2.96224
-4.77782,2.96224
-4.77782,2.96224
-5.16421,3.83035
-5.16421,3.83035
-5.16421,3.83035
-5.16421,3.83035
-5.36826,4.67556
-5.36826,4.67556
-5.36826,4.67556
-5.36826,4.67556
-5.46759,5.45286
-5.46759,5.45286
-5.46759,5.45286
-5.46759,5.45286
-5.51801,6.15009
-5.51801,6.15009
-5.51801,6.15009
-5.51801,6.15009
-5.55428,6.77405
-5.55428,6.77405
-5.55428,6.77405
-5.55428,6.77405
-5.59191,7.33505
-5.59191,7.33505
-5.59191,7.33505
-5.59191,7.33505
-5.63422,7.843
-5.63422,7.843
-5.63422,7.843
-5.63422,7.843
-5.67634,8.30545
-5.67634,8.30545
-5.67634,8.30545
-5.67634,8.30545
-5.71102,8.72737
-5.71102,8.72737
-5.71102,8.72737
-5.71102,8.72737
-5.73128,9.11369
-5.73128,9.11369
-5.73128,9.11369
-5.73128,9.11369
-5.73219,9.46896
-5.73219,9.46896
-5.73219,9.46896
-5.73219,9.46896
-5.71039,9.79717
-5.71039,9.79717
-5.71039,9.79717
-5.71039,9.79717
-5.66446,10.1014
-5.66446,10.1014
-5.66446,10.1014
-5.66446,10.1014
-5.59483,10.3833
-5.59483,10.3833
-5.59483,10.3833
-5.59483,10.3833
-5.50321,10.6431
-5.50321,10.6431
-5.50321,10.6431
-5.50321,10.6431
-5.39235,10.881
-5.39235,10.881
-5.39235,10.881
-5.39235,10.881
-5.26586,11.0959
-5.26586,11.0959
-5.26586,11.0959
-5.26586,11.0959
-5.12788,11.2871
-5.12788,11.2871
-5.12788,11.2871
-5.12788,11.2871
-4.9829,11.4539
-4.9829,11.4539
-4.9829,11.4539
-4.9829,11.4539
-4.83546,11.5961
-4.83546,11.5961
-4.83546,11.5961
-4.83546,11.5961
-4.68998,11.7136
-4.68998,11.7136
-4.68998,11.7136
-4.68998,11.7136
-4.55068,11.8069
-4.55068,11.8069
-4.55068,11.8069
-4.55068,11.8069
-4.42146,11.8763
-4.42146,11.8763
-4.42146,11.8763
-4.42146,11.8763
-4.30617,11.9214
-4.30617,11.9214
-4.30617,11.9214
-4.30617,11.9214
-4.20779,11.9436
-4.20779,11.9436
-4.20779,11.9436
-4.20779,11.9436
-4.1289,11.9437
-4.1289,11.9437
-4.1289,11.9437
-4.1289,11.9437
-4.07154,11.923
-4.07154,11.923
-4.07154,11.923
-4.07154,11.923
-4.03726,11.883
-4.03726,11.883
-4.03726,11.883
-4.03726,11.883
-4.02705,11.8252
-4.02705,11.8252
-4.02705,11.8252
-4.02705,11.8252
-4.04164,11.7515
-4.04164,11.7515
-4.04164,11.7515
-4.04164,11.7515
-4.08104,11.6643
-4.08104,11.6643
-4.08104,11.6643
-4.08104,11.6643
-4.14465,11.5666
-4.14465,11.5666
-4.14465,11.5666
-4.14465,11.5666
-4.23131,11.4616
-4.23131,11.4616
-4.23131,11.4616
-4.23131,11.4616
-4.33936,11.3529
-4.33936,11.3529
-4.33936,11.3529
-4.33936,11.3529
-4.46683,11.2446
-4.46683,11.2446
-4.46683,11.2446
-4.46683,11.2446
-4.61099,11.1413
-4.61099,11.1413
-4.61099,11.1413
-4.61099,11.1413
-4.76877,11.0482
-4.76877,11.0482
-4.76877,11.0482
-4.76877,11.0482
-4.93637,10.9699
-4.93637,10.9699
-4.93637,10.9699
-4.93637,10.9699
-5.10969,10.9111
-5.10969,10.9111
-5.10969,10.9111
-5.10969,10.9111
-5.28439,10.8756
-5.28439,10.8756
-5.28439,10.8756
-5.28439,10.8756
-5.45611,10.8647
-5.45611,10.8647
-5.45611,10.8647
-5.45611,10.8647
-5.62019,10.8776
-5.62019,10.8776
-5.62019,10.8776
-5.62019,10.8776
-5.7724,10.9118
-5.7724,10.9118
-5.7724,10.9118
-5.7724,10.9118
-5.90911,10.9634
-5.90911,10.9634
-5.90911,10.9634
-5.90911,10.9634
-6.02726,11.0274
-6.02726,11.0274
-6.02726,11.0274
-6.02726,11.0274
-6.12559,11.0984
-6.12559,11.0984
-6.12559,11.0984
-6.12559,11.0984
-6.204,11.1729
-6.204,11.1729
-6.204,11.1729
-6.204,11.1729
-6.26347,11.2477
-6.26347,11.2477
-6.26347,11.2477
-6.26347,11.2477
-6.30535,11.3225
-6.30535,11.3225
-6.30535,11.3225
-6.30535,11.3225
-6.33132,11.3966
-6.33132,11.3966
-6.33132,11.3966
-6.33132,11.3966
-6.34309,11.4698
-6.34309,11.4698
-6.34309,11.4698
-6.34309,11.4698
-6.34238,11.5416
-6.34238,11.5416
-6.34238,11.5416
-6.34238,11.5416
-6.33089,11.6117
-6.33089,11.6117
-6.33089,11.6117
-6.33089,11.6117
-6.31015,11.6799
-6.31015,11.6799
-6.31015,11.6799
-6.31015,11.6799
-6.2815,11.746
-6.2815,11.746
-6.2815,11.746
-6.2815,11.746
-6.2461,11.8096
-6.2461,11.8096
-6.2461,11.8096
-6.2461,11.8096
-6.20486,11.8709
-6.20486,11.8709
-6.20486,11.8709
-6.20486,11.8709
-6.15841,11.9297
-6.15841,11.9297
-6.15841,11.9297
-6.15841,11.9297
-6.10689,11.9869
-6.10689,11.9869
-6.10689,11.9869
-6.10689,11.9869
-6.04992,12.0429
-6.04992,12.0429
-6.04992,12.0429
-6.04992,12.0429
-5.98708,12.097
-5.98708,12.097
-5.98708,12.097
-5.98708,12.097
-5.91825,12.147
-5.91825,12.147
-5.91825,12.147
-5.91825,12.147
-5.84282,12.1924
-5.84282,12.1924
-5.84282,12.1924
-5.84282,12.1924
-5.75978,12.2327
-5.75978,12.2327
-5.75978,12.2327
-5.75978,12.2327
-5.66768,12.2676
-5.66768,12.2676
-5.66768,12.2676
-5.66768,12.2676
-5.56466,12.2967
-5.56466,12.2967
-5.56466,12.2967
-5.56466,12.2967
-5.44825,12.3198
-5.44825,12.3198
-5.44825,12.3198
-5.44825,12.3198
-5.31536,12.3378
-5.31536,12.3378
-5.31536,12.3378
-5.31536,12.3378
-5.16298,12.3509
-5.16298,12.3509
-5.16298,12.3509
-5.16298,12.3509
-4.98686,12.3607
-4.98686,12.3607
-4.98686,12.3607
-4.98686,12.3607
-4.78339,12.3651
-4.78339,12.3651
-4.78339,12.3651
-4.78339,12.3651
-4.54829,12.3637
-4.54829,12.3637
-4.54829,12.3637
-4.54829,12.3637
-4.27717,12.3559
-4.27717,12.3559
-4.27717,12.3559
-4.27717,12.3559
-3.96671,12.3388
-3.96671,12.3388
-3.96671,12.3388
-3.96671,12.3388
-3.61226,12.3097
-3.61226,12.3097
-3.61226,12.3097
-3.61226,12.3097
-3.21157,12.2672
-3.21157,12.2672
-3.21157,12.2672
-3.21157,12.2672
-2.76256,12.2082
-2.76256,12.2082
-2.76256,12.2082
-2.76256,12.2082
-2.26637,12.1298
-2.26637,12.1298
-2.26637,12.1298
-2.26637,12.1298
-1.72477,12.0289
-1.72477,12.0289
-1.72477,12.0289
-1.72477,12.0289
-1.14264,11.9026
-1.14264,11.9026
-1.14264,11.9026
-1.14264,11.9026
-0.525952,11.7478
-0.525952,11.7478
-0.525952,11.7478
-0.525952,11.7478
0.117194,11.5606
0.117194,11.5606
0.117194,11.5606
0.117194,11.5606
0.77741,11.3383
0.77741,11.3383
0.77741,11.3383
0.77741,11.3383
1.44299,11.0762
1.44299,11.0762
1.44299,11.0762
1.44299,11.0762
2.10022,10.7678
2.10022,10.7678
2.10022,10.7678
2.10022,10.7678
2.73597,10.4068
2.73597,10.4068
2.73597,10.4068
2.73597,10.4068
3.33361,9.98269
3.33361,9.98269
3.33361,9.98269
3.33361,9.98269
3.87607,9.48468
3.87607,9.48468
3.87607,9.48468
3.87607,9.48468
4.34144,8.89695
4.34144,8.89695
4.34144,8.89695
4.34144,8.89695
4.70883,8.20729
4.70883,8.20729
4.70883,8.20729
4.70883,8.20729
4.95974,7.41064
4.95974,7.41064
4.95974,7.41064
4.95974,7.41064
5.09845,6.53121
5.09845,6.53121
5.09845,6.53121
5.09845,6.53121
5.1577,5.6153
5.1577,5.6153
5.1577,5.6153
5.1577,5.6153
5.17574,4.70665
5.17574,4.70665
5.17574,4.70665
5.17574,4.70665
5.17526,3.82974
5.17526,3.82974
5.17526,3.82974
5.17526,3.82974
5.17168,2.99505
5.17168,2.99505
5.17168,2.99505
5.17168,2.99505
5.17377,2.20693
5.17377,2.20693
5.17377,2.20693
5.17377,2.20693
5.18793,1.46722
5.18793,1.46722
5.18793,1.46722
5.18793,1.46722
5.2241,0.780037
5.2241,0.780037
5.2241,0.780037
5.2241,0.780037
5.29242,0.149202
5.29242,0.149202
5.29242,0.149202
5.29242,0.149202
5.39402,-0.419614
5.39402,-0.419614
5.39402,-0.419614
5.39402,-0.419614
5.53374,-0.90975
5.53374,-0.90975
5.53374,-0.90975
5.53374,-0.90975
5.71081,-1.30452
5.71081,-1.30452
5.71081,-1.30452
5.71081,-1.30452
5.91391,-1.5957
5.91391,-1.5957
5.91391,-1.5957
5.91391,-1.5957
6.12962,-1.78145
6.12962,-1.78145
6.12962,-1.78145
6.12962,-1.78145
6.31788,-1.86909
6.31788,-1.86909
6.31788,-1.86909
6.31788,-1.86909
6.40246,-1.87701
6.40246,-1.87701
6.40246,-1.87701
6.40246,-1.87701
6.24056,-1.82261
6.24056,-1.82261
6.24056,-1.82261
6.24056,-1.82261
5.66452,-1.69206
5.66452,-1.69206
5.66452,-1.69206
5.66452,-1.69206
4.81641,-1.50095
4.81641,-1.50095
4.81641,-1.50095
4.81641,-1.50095
3.87628,-1.28475
3.87628,-1.28475
3.87628,-1.28475
3.87628,-1.28475
2.90371,-1.02265
2.90371,-1.02265
2.90371,-1.02265
2.90371,-1.02265
1.915,-0.675455
1.915,-0.675455
1.915,-0.675455
1.915,-0.675455
0.931138,-0.221168
0.931138,-0.221168
0.931138,-0.221168
0.931138,-0.221168
0.0605285,0.288376
0.0605285,0.288376
0.0605285,0.288376
0.0605285,0.288376
-0.632227,0.778656
-0.632227,0.778656
-0.632227,0.778656
-0.632227,0.778656
-1.25528,1.27574
-1.25528,1.27574
-1.25528,1.27574
-1.25528,1.27574
-1.83196,1.78853
-1.83196,1.78853
-1.83196,1.78853
-1.83196,1.78853
-2.35269,2.30649
-2.35269,2.30649
-2.35269,2.30649
-2.35269,2.30649
-2.81243,2.82042
-2.81243,2.82042
-2.81243,2.82042
-2.81243,2.82042
-3.21021,3.32477
-3.21021,3.32477
-3.21021,3.32477
-3.21021,3.32477
-3.54433,3.81479
-3.54433,3.81479
-3.54433,3.81479
-3.54433,3.81479
-3.82058,4.29798
-3.82058,4.29798
-3.82058,4.29798
-3.82058,4.29798
-4.03056,4.76462
-4.03056,4.76462
-4.03056,4.76462
-4.03056,4.76462
-4.17294,5.20884
-4.17294,5.20884
-4.17294,5.20884
-4.17294,5.20884
-4.25221,5.62943
-4.25221,5.62943
-4.25221,5.62943
-4.25221,5.62943
-4.27646,6.02785
-4.27646,6.02785
-4.27646,6.02785
-4.27646,6.02785
-4.2534,6.40469
-4.2534,6.40469
-4.2534,6.40469
-4.2534,6.40469
-4.18925,6.76081
-4.18925,6.76081
-4.18925,6.76081
-4.18925,6.76081
-4.08896,7.09713
-4.08896,7.09713
-4.08896,7.09713
-4.08896,7.09713
-3.95679,7.41535
-3.95679,7.41535
-3.95679,7.41535
-3.95679,7.41535
-3.79666,7.718
-3.79666,7.718
-3.79666,7.718
-3.79666,7.718
-3.61265,8.00782
-3.61265,8.00782
-3.61265,8.00782
-3.61265,8.00782
-3.4093,8.2869
-3.4093,8.2869
-3.4093,8.2869
-3.4093,8.2869
-3.19187,8.55637
-3.19187,8.55637
-3.19187,8.55637
-3.19187,8.55637
-2.96618,8.81575
-2.96618,8.81575
-2.96618,8.81575
-2.96618,8.81575
-2.73837,9.06334
-2.73837,9.06334
-2.73837,9.06334
-2.73837,9.06334
-2.51491,9.29663
-2.51491,9.29663
-2.51491,9.29663
-2.51491,9.29663
-2.30096,9.51313
-2.30096,9.51313
-2.30096,9.51313
-2.30096,9.51313
-2.1009,9.71093
-2.1009,9.71093
-2.1009,9.71093
-2.1009,9.71093
-1.9186,9.88846
-1.9186,9.88846
-1.9186,9.88846
-1.9186,9.88846
-1.75735,10.0446
-1.75735,10.0446
-1.75735,10.0446
-1.75735,10.0446
-1.61999,10.1787
-1.61999,10.1787
-1.61999,10.1787
-1.61999,10.1787
-1.50916,10.2896
-1.50916,10.2896
-1.50916,10.2896
-1.50916,10.2896
-1.42711,10.377
-1.42711,10.377
-1.42711,10.377
-1.42711,10.377
-1.37546,10.4413
-1.37546,10.4413
-1.37546,10.4413
-1.37546,10.4413
-1.35523,10.4837
-1.35523,10.4837
-1.35523,10.4837
-1.35523,10.4837
-1.36723,10.506
-1.36723,10.506
-1.36723,10.506
-1.36723,10.506
-1.41188,10.5107
-1.41188,10.5107
-1.41188,10.5107
-1.41188,10.5107
-1.4891,10.5008
-1.4891,10.5008
-1.4891,10.5008
-1.4891,10.5008
-1.59843,10.4798
-1.59843,10.4798
-1.59843,10.4798
-1.59843,10.4798
-1.73901,10.4518
-1.73901,10.4518
-1.73901,10.4518
-1.73901,10.4518
-1.90976,10.421
-1.90976,10.421
-1.90976,10.421
-1.90976,10.421
-2.10893,10.3911
-2.10893,10.3911
-2.10893,10.3911
-2.10893,10.3911
-2.33404,10.3669
-2.33404,10.3669
-2.33404,10.3669
-2.33404,10.3669
-2.58191,10.3523
-2.58191,10.3523
-2.58191,10.3523
-2.58191,10.3523
-2.8482,10.3504
-2.8482,10.3504
-2.8482,10.3504
-2.8482,10.3504
-3.12832,10.3628
-3.12832,10.3628
-3.12832,10.3628
-3.12832,10.3628
-3.41833,10.3875
-3.41833,10.3875
-3.41833,10.3875
-3.41833,10.3875
-3.7138,10.4158
-3.7138,10.4158
-3.7138,10.4158
-3.7138,10.4158
-4.00824,10.4322
-4.00824,10.4322
-4.00824,10.4322
-4.00824,10.4322
-4.29494,10.4279
-4.29494,10.4279
-4.29494,10.4279
-4.29494,10.4279
-4.56048,10.3953
-4.56048,10.3953
-4.56048,10.3953
-4.56048,10.3953
-4.78034,10.3321
-4.78034,10.3321
-4.78034,10.3321
-4.78034,10.3321
-4.91415,10.2488
-4.91415,10.2488
-4.91415,10.2488
-4.91415,10.2488
-4.90824,10.1769
-4.90824,10.1769
-4.90824,10.1769
-4.90824,10.1769
-4.71512,10.1393
-4.71512,10.1393
-4.71512,10.1393
-4.71512,10.1393
-4.32052,10.1218
-4.32052,10.1218
-4.32052,10.1218
-4.32052,10.1218
-3.74369,10.1025
-3.74369,10.1025
-3.74369,10.1025
-3.74369,10.1025
-3.02081,10.0708
-3.02081,10.0708
-3.02081,10.0708
-3.02081,10.0708
-2.19464,10.0239
-2.19464,10.0239
-2.19464,10.0239
-2.19464,10.0239
-1.30606,9.96314
-1.30606,9.96314
-1.30606,9.96314
-1.30606,9.96314
-0.389436,9.89025
-0.389436,9.89025
-0.389436,9.89025
-0.389436,9.89025
0.527308,9.8064
0.527308,9.8064
0.527308,9.8064
0.527308,9.8064
1.42179,9.71321
1.42179,9.71321
1.42179,9.71321
1.42179,9.71321
2.27596,9.6102
2.27596,9.6102
2.27596,9.6102
2.27596,9.6102
3.07457,9.49547
3.07457,9.49547
3.07457,9.49547
3.07457,9.49547
3.8044,9.36495
3.8044,9.36495
3.8044,9.36495
3.8044,9.36495
4.4535,9.21215
4.4535,9.21215
4.4535,9.21215
4.4535,9.21215
5.01082,9.02788
5.01082,9.02788
5.01082,9.02788
5.01082,9.02788
5.4657,8.80003
5.4657,8.80003
5.4657,8.80003
5.4657,8.80003
5.80727,8.51398
5.80727,8.51398
5.80727,8.51398
5.80727,8.51398
6.03113,8.16544
6.03113,8.16544
6.03113,8.16544
6.03113,8.16544
6.12815,7.75095
6.12815,7.75095
6.12815,7.75095
6.12815,7.75095
6.09236,7.26883
6.09236,7.26883
6.09236,7.26883
6.09236,7.26883
5.92509,6.72918
5.92509,6.72918
5.92509,6.72918
5.92509,6.72918
5.65192,6.16558
5.65192,6.16558
5.65192,6.16558
5.65192,6.16558
5.31236,5.61562
5.31236,5.61562
5.31236,5.61562
5.31236,5.61562
4.93057,5.10256
4.93057,5.10256
4.93057,5.10256
4.93057,5.10256
4.52147,4.64488
4.52147,4.64488
4.52147,4.64488
4.52147,4.64488
4.09343,4.2464
4.09343,4.2464
4.09343,4.2464
4.09343,4.2464
3.65006,3.90379
3.65006,3.90379
3.65006,3.90379
3.65006,3.90379
3.1935,3.6096
3.1935,3.6096
3.1935,3.6096
3.1935,3.6096
2.71573,3.36556
2.71573,3.36556
2.71573,3.36556
2.71573,3.36556
2.19965,3.1895
2.19965,3.1895
2.19965,3.1895
2.19965,3.1895
1.6193,3.10648
1.6193,3.10648
1.6193,3.10648
1.6193,3.10648
0.95305,3.16437
0.95305,3.16437
0.95305,3.16437
0.95305,3.16437
0.191832,3.28629
0.191832,3.28629
0.191832,3.28629
0.191832,3.28629
-0.663618,3.46003
-0.663618,3.46003
-0.663618,3.46003
-0.663618,3.46003
-1.55188,3.63283
-1.55188,3.63283
-1.55188,3.63283
-1.55188,3.63283
-2.36948,3.76431
-2.36948,3.76431
-2.36948,3.76431
-2.36948,3.76431
-3.02079,3.87191
-3.02079,3.87191
-3.02079,3.87191
-3.02079,3.87191
-3.46602,4.04709
-3.46602,4.04709
-3.46602,4.04709
-3.46602,4.04709
-3.71056,4.37912
-3.71056,4.37912
-3.71056,4.37912
-3.71056,4.37912
-3.78206,4.88235
-3.78206,4.88235
-3.78206,4.88235
-3.78206,4.88235
-3.72996,5.50427
-3.72996,5.50427
-3.72996,5.50427
-3.72996,5.50427
-3.61862,6.17137
-3.61862,6.17137
-3.61862,6.17137
-3.61862,6.17137
-3.50703,6.82338
-3.50703,6.82338
-3.50703,6.82338
-3.50703,6.82338
-3.43772,7.41359
-3.43772,7.41359
-3.43772,7.41359
-3.43772,7.41359
-3.4337,7.9137
-3.4337,7.9137
-3.4337,7.9137
-3.4337,7.9137
-3.49914,8.30943
-3.49914,8.30943
-3.49914,8.30943
-3.49914,8.30943
-3.62243,8.59928
-3.62243,8.59928
-3.62243,8.59928
-3.62243,8.59928
-3.78206,8.79123
-3.78206,8.79123
-3.78206,8.79123
-3.78206,8.79123
-3.95186,8.90449
-3.95186,8.90449
-3.95186,8.90449
-3.95186,8.90449
-4.10613,8.9717
-4.10613,8.9717
-4.10613,8.9717
-4.10613,8.9717
-4.22326,9.03257
-4.22326,9.03257
-4.22326,9.03257
-4.22326,9.03257
-4.28615,9.1237
-4.28615,9.1237
-4.28615,9.1237
-4.28615,9.1237
-4.2859,9.26231
-4.2859,9.26231
-4.2859,9.26231
-4.2859,9.26231
-4.2233,9.45029
-4.2233,9.45029
-4.2233,9.45029
-4.2233,9.45029
-4.10661,9.67748
-4.10661,9.67748
-4.10661,9.67748
-4.10661,9.67748
-3.94869,9.92674
-3.94869,9.92674
-3.94869,9.92674
-3.94869,9.92674
-3.76433,10.1813
-3.76433,10.1813
-3.76433,10.1813
-3.76433,10.1813
-3.56757,10.4294
-3.56757,10.4294
-3.56757,10.4294
-3.56757,10.4294
-3.36982,10.6627
-3.36982,10.6627
-3.36982,10.6627
-3.36982,10.6627
-3.1796,10.8756
-3.1796,10.8756
-3.1796,10.8756
-3.1796,10.8756
-3.00304,11.064
-3.00304,11.064
-3.00304,11.064
-3.00304,11.064
-2.84437,11.2253
-2.84437,11.2253
-2.84437,11.2253
-2.84437,11.2253
-2.70628,11.3582
-2.70628,11.3582
-2.70628,11.3582
-2.70628,11.3582
-2.59025,11.4622
-2.59025,11.4622
-2.59025,11.4622
-2.59025,11.4622
-2.49684,11.538
-2.49684,11.538
-2.49684,11.538
-2.49684,11.538
-2.42592,11.5869
-2.42592,11.5869
-2.42592,11.5869
-2.42592,11.5869
-2.37691,11.6112
-2.37691,11.6112
-2.37691,11.6112
-2.37691,11.6112
-2.34884,11.6133
-2.34884,11.6133
-2.34884,11.6133
-2.34884,11.6133
-2.3402,11.5969
-2.3402,11.5969
-2.3402,11.5969
-2.3402,11.5969
-2.3492,11.5651
-2.3492,11.5651
-2.3492,11.5651
-2.3492,11.5651
-2.3738,11.5224
-2.3738,11.5224
-2.3738,11.5224
-2.3738,11.5224
-2.41178,11.473
-2.41178,11.473
-2.41178,11.473
-2.41178,11.473
-2.46075,11.4213
-2.46075,11.4213
-2.46075,11.4213
-2.46075,11.4213
-2.51831,11.3715
-2.51831,11.3715
-2.51831,11.3715
-2.51831,11.3715
-2.58214,11.3272
-2.58214,11.3272
-2.58214,11.3272
-2.58214,11.3272
-2.6501,11.2918
-2.6501,11.2918
-2.6501,11.2918
-2.6501,11.2918
-2.72025,11.2677
-2.72025,11.2677
-2.72025,11.2677
-2.72025,11.2677
-2.79091,11.2564
-2.79091,11.2564
-2.79091,11.2564
-2.79091,11.2564
-2.86061,11.2587
-2.86061,11.2587
-2.86061,11.2587
-2.86061,11.2587
-2.92813,11.2742
-2.92813,11.2742
-2.92813,11.2742
-2.92813,11.2742
-2.99246,11.302
-2.99246,11.302
-2.99246,11.302
-2.99246,11.302
-3.0527,11.3406
-3.0527,11.3406
-3.0527,11.3406
-3.0527,11.3406
-3.10805,11.3882
-3.10805,11.3882
-3.10805,11.3882
-3.10805,11.3882
-3.15775,11.4431
-3.15775,11.4431
-3.15775,11.4431
-3.15775,11.4431
-3.20106,11.5034
-3.20106,11.5034
-3.20106,11.5034
-3.20106,11.5034
-3.23736,11.5677
-3.23736,11.5677
-3.23736,11.5677
-3.23736,11.5677
-3.26596,11.6343
-3.26596,11.6343
-3.26596,11.6343
-3.26596,11.6343
-3.28626,11.7018
-3.28626,11.7018
-3.28626,11.7018
-3.28626,11.7018
-3.29755,11.769
-3.29755,11.769
-3.29755,11.769
-3.29755,11.769
-3.29889,11.8349
-3.29889,11.8349
-3.29889,11.8349
-3.29889,11.8349
-3.289,11.8992
-3.289,11.8992
-3.289,11.8992
-3.289,11.8992
-3.26641,11.9614
-3.26641,11.9614
-3.26641,11.9614
-3.26641,11.9614
-3.22946,12.0213
-3.22946,12.0213
-3.22946,12.0213
-3.22946,12.0213
-3.17663,12.0787
-3.17663,12.0787
-3.17663,12.0787
-3.17663,12.0787
-3.10682,12.133
-3.10682,12.133
-3.10682,12.133
-3.10682,12.133
-3.01966,12.1832
-3.01966,12.1832
-3.01966,12.1832
-3.01966,12.1832
-2.91555,12.2279
-2.91555,12.2279
-2.91555,12.2279
-2.91555,12.2279
-2.79566,12.2654
-2.79566,12.2654
-2.79566,12.2654
-2.79566,12.2654
-2.66168,12.295
-2.66168,12.295
-2.66168,12.295
-2.66168,12.295
-2.51562,12.3158
-2.51562,12.3158
-2.51562,12.3158
-2.51562,12.3158
-2.35954,12.3275
-2.35954,12.3275
-2.35954,12.3275
-2.35954,12.3275
-2.19541,12.3299
-2.19541,12.3299
-2.19541,12.3299
-2.19541,12.3299
-2.02591,12.322
-2.02591,12.322
-2.02591,12.322
-2.02591,12.322
-1.85303,12.3045
-1.85303,12.3045
-1.85303,12.3045
-1.85303,12.3045
-1.67939,12.2774
-1.67939,12.2774
-1.67939,12.2774
-1.67939,12.2774
-1.50772,12.2411
-1.50772,12.2411
-1.50772,12.2411
-1.50772,12.2411
-1.34095,12.1962
-1.34095,12.1962
-1.34095,12.1962
-1.34095,12.1962
-1.18211,12.1435
-1.18211,12.1435
-1.18211,12.1435
-1.18211,12.1435
-1.03432,12.0836
-1.03432,12.0836
-1.03432,12.0836
-1.03432,12.0836
-0.900665,12.0163
-0.900665,12.0163
-0.900665,12.0163
-0.900665,12.0163
-0.783694,11.9427
-0.783694,11.9427
-0.783694,11.9427
-0.783694,11.9427
-0.685841,11.8633
-0.685841,11.8633
-0.685841,11.8633
-0.685841,11.8633
-0.609353,11.7781
-0.609353,11.7781
-0.609353,11.7781
-0.609353,11.7781
-0.556061,11.6887
-0.556061,11.6887
-0.556061,11.6887
-0.556061,11.6887
-0.527422,11.5963
-0.527422,11.5963
-0.527422,11.5963
-0.527422,11.5963
-0.524668,11.5023
-0.524668,11.5023
-0.524668,11.5023
-0.524668,11.5023
-0.548622,11.4088
-0.548622,11.4088
-0.548622,11.4088
-0.548622,11.4088
-0.59959,11.3184
-0.59959,11.3184
-0.59959,11.3184
-0.59959,11.3184
-0.677633,11.233
-0.677633,11.233
-0.677633,11.233
-0.677633,11.233
-0.782335,11.1547
-0.782335,11.1547
-0.782335,11.1547
-0.782335,11.1547
-0.912877,11.0851
-0.912877,11.0851
-0.912877,11.0851
-0.912877,11.0851
-1.06684,11.0271
-1.06684,11.0271
-1.06684,11.0271
-1.06684,11.0271
-1.24119,10.9831
-1.24119,10.9831
-1.24119,10.9831
-1.24119,10.9831
-1.43334,10.9545
-1.43334,10.9545
-1.43334,10.9545
-1.43334,10.9545
-1.63914,10.9419
-1.63914,10.9419
-1.63914,10.9419
-1.63914,10.9419
-1.85387,10.9449
-1.85387,10.9449
-1.85387,10.9449
-1.85387,10.9449
-2.07192,10.9631
-2.07192,10.9631
-2.07192,10.9631
-2.07192,10.9631
-2.28779,10.9936
-2.28779,10.9936
-2.28779,10.9936
-2.28779,10.9936
-2.49443,11.0341
-2.49443,11.0341
-2.49443,11.0341
-2.49443,11.0341
-2.68384,11.084
-2.68384,11.084
-2.68384,11.084
-2.68384,11.084
-2.84797,11.1426
-2.84797,11.1426
-2.84797,11.1426
-2.84797,11.1426
-2.97755,11.2127
-2.97755,11.2127
-2.97755,11.2127
-2.97755,11.2127
-3.06387,11.2981
-3.06387,11.2981
-3.06387,11.2981
-3.06387,11.2981
-3.09975,11.4018
-3.09975,11.4018
-3.09975,11.4018
-3.09975,11.4018
-3.08321,11.5207
-3.08321,11.5207
-3.08321,11.5207
-3.08321,11.5207
-3.0182,11.6473
-3.0182,11.6473
-3.0182,11.6473
-3.0182,11.6473
-2.91376,11.7728
-2.91376,11.7728
-2.91376,11.7728
-2.91376,11.7728
-2.78387,11.888
-2.78387,11.888
-2.78387,11.888
-2.78387,11.888
-2.63975,11.9892
-2.63975,11.9892
-2.63975,11.9892
-2.63975,11.9892
-2.49192,12.0746
-2.49192,12.0746
-2.49192,12.0746
-2.49192,12.0746
-2.34503,12.146
-2.34503,12.146
-2.34503,12.146
-2.34503,12.146
-2.19938,12.2062
-2.19938,12.2062
-2.19938,12.2062
-2.19938,12.2062
-2.05749,12.2544
-2.05749,12.2544
-2.05749,12.2544
-2.05749,12.2544
-1.92249,12.2915
-1.92249,12.2915
-1.92249,12.2915
-1.92249,12.2915
-1.79655,12.3186
-1.79655,12.3186
-1.79655,12.3186
-1.79655,12.3186
-1.68161,12.3362
-1.68161,12.3362
-1.68161,12.3362
-1.68161,12.3362
-1.57946,12.3459
-1.57946,12.3459
-1.57946,12.3459
-1.57946,12.3459
-1.49178,12.3485
-1.49178,12.3485
-1.49178,12.3485
-1.49178,12.3485
-1.42049,12.3448
-1.42049,12.3448
-1.42049,12.3448
-1.42049,12.3448
-1.36739,12.3359
-1.36739,12.3359
-1.36739,12.3359
-1.36739,12.3359
-1.3344,12.3224
-1.3344,12.3224
-1.3344,12.3224
-1.3344,12.3224
-1.32385,12.3038
-1.32385,12.3038
-1.32385,12.3038
-1.32385,12.3038
-1.33849,12.2797
-1.33849,12.2797
-1.33849,12.2797
-1.33849,12.2797
-1.38151,12.2484
-1.38151,12.2484
-1.38151,12.2484
-1.38151,12.2484
-1.45125,12.2115
-1.45125,12.2115
-1.45125,12.2115
-1.45125,12.2115
-1.541,12.1761
-1.541,12.1761
-1.541,12.1761
-1.541,12.1761
-1.63461,12.1557
-1.63461,12.1557
-1.63461,12.1557
-1.63461,12.1557
-1.72258,12.1554
-1.72258,12.1554
-1.72258,12.1554
-1.72258,12.1554
-1.80222,12.1764
-1.80222,12.1764
-1.80222,12.1764
-1.80222,12.1764
-1.87426,12.2147
-1.87426,12.2147
-1.87426,12.2147
-1.87426,12.2147
-1.94028,12.2638
-1.94028,12.2638
-1.94028,12.2638
-1.94028,12.2638
-2.00107,12.3187
-2.00107,12.3187
-2.00107,12.3187
-2.00107,12.3187
-2.05709,12.3759
-2.05709,12.3759
-2.05709,12.3759
-2.05709,12.3759
-2.10777,12.4342
-2.10777,12.4342
-2.10777,12.4342
-2.10777,12.4342
-2.15305,12.4919
-2.15305,12.4919
-2.15305,12.4919
-2.15305,12.4919
-2.19211,12.549
-2.19211,12.549
-2.19211,12.549
-2.19211,12.549
-2.22397,12.6056
-2.22397,12.6056
-2.22397,12.6056
-2.22397,12.6056
-2.24774,12.6617
-2.24774,12.6617
-2.24774,12.6617
-2.24774,12.6617
-2.26209,12.7181
-2.26209,12.7181
-2.26209,12.7181
-2.26209,12.7181
-2.2667,12.7741
-2.2667,12.7741
-2.2667,12.7741
-2.2667,12.7741
-2.26128,12.8293
-2.26128,12.8293
-2.26128,12.8293
-2.26128,12.8293
-2.24597,12.8833
-2.24597,12.8833
-2.24597,12.8833
-2.24597,12.8833
-2.22131,12.9353
-2.22131,12.9353
-2.22131,12.9353
-2.22131,12.9353
-2.18826,12.9846
-2.18826,12.9846
-2.18826,12.9846
-2.18826,12.9846
-2.14818,13.0305
-2.14818,13.0305
-2.14818,13.0305
-2.14818,13.0305
-2.10255,13.0721
-2.10255,13.0721
-2.10255,13.0721
-2.10255,13.0721
-2.05264,13.1091
-2.05264,13.1091
-2.05264,13.1091
-2.05264,13.1091
-1.9996,13.1415
-1.9996,13.1415
-1.9996,13.1415
-1.9996,13.1415
-1.94413,13.169
-1.94413,13.169
-1.94413,13.169
-1.94413,13.169
-1.88693,13.1922
-1.88693,13.1922
-1.88693,13.1922
-1.88693,13.1922
-1.82874,13.2109
-1.82874,13.2109
-1.82874,13.2109
-1.82874,13.2109
-1.77049,13.2254
-1.77049,13.2254
-1.77049,13.2254
-1.77049,13.2254
-1.71315,13.2358
-1.71315,13.2358
-1.71315,13.2358
-1.71315,13.2358
-1.65746,13.2426
-1.65746,13.2426
-1.65746,13.2426
-1.65746,13.2426
-1.60473,13.246
-1.60473,13.246
-1.60473,13.246
-1.60473,13.246
-1.5557,13.2464
-1.5557,13.2464
-1.5557,13.2464
-1.5557,13.2464
-1.51173,13.2443
-1.51173,13.2443
-1.51173,13.2443
-1.51173,13.2443
-1.47349,13.2399
-1.47349,13.2399
-1.47349,13.2399
-1.47349,13.2399
-1.44204,13.234
-1.44204,13.234
-1.44204,13.234
-1.44204,13.234
-1.41682,13.2277
-1.41682,13.2277
-1.41682,13.2277
-1.41682,13.2277
-1.3974,13.2222
-1.3974,13.2222
-1.3974,13.2222
-1.3974,13.2222
-1.38124,13.2194
-1.38124,13.2194
-1.38124,13.2194
-1.38124,13.2194
-1.36588,13.2205
-1.36588,13.2205
-1.36588,13.2205
-1.36588,13.2205
-1.351,13.2253
-1.351,13.2253
-1.351,13.2253
-1.351,13.2253
-1.33711,13.2332
-1.33711,13.2332
-1.33711,13.2332
-1.33711,13.2332
-1.32487,13.243
-1.32487,13.243
-1.32487,13.243
-1.32487,13.243
-1.31549,13.2541
-1.31549,13.2541
-1.31549,13.2541
-1.31549,13.2541
-1.30954,13.2658
-1.30954,13.2658
-1.30954,13.2658
-1.30954,13.2658
-1.30783,13.278
-1.30783,13.278
-1.30783,13.278
-1.30783,13.278
-1.31034,13.2908
-1.31034,13.2908
-1.31034,13.2908
-1.31034,13.2908
-1.31738,13.3044
-1.31738,13.3044
-1.31738,13.3044
-1.31738,13.3044
-1.32861,13.319
-1.32861,13.319
-1.32861,13.319
-1.32861,13.319
-1.34401,13.3348
-1.34401,13.3348
-1.34401,13.3348
-1.34401,13.3348
-1.36318,13.3516
-1.36318,13.3516
-1.36318,13.3516
-1.36318,13.3516
-1.38553,13.3699
-1.38553,13.3699
-1.38553,13.3699
-1.38553,13.3699
-1.41051,13.3897
-1.41051,13.3897
-1.41051,13.3897
-1.41051,13.3897
-1.43763,13.4109
-1.43763,13.4109
-1.43763,13.4109
-1.43763,13.4109
-1.46624,13.4333
-1.46624,13.4333
-1.46624,13.4333
-1.46624,13.4333
-1.4958,13.4569
-1.4958,13.4569
-1.4958,13.4569
-1.4958,13.4569
-1.52606,13.4807
-1.52606,13.4807
-1.52606,13.4807
-1.52606,13.4807
-1.55617,13.5051
-1.55617,13.5051
-1.55617,13.5051
-1.55617,13.5051
-1.58544,13.5297
-1.58544,13.5297
-1.58544,13.5297
-1.58544,13.5297
-1.61297,13.5543
-1.61297,13.5543
-1.61297,13.5543
-1.61297,13.5543
-1.6376,13.5789
-1.6376,13.5789
-1.6376,13.5789
-1.6376,13.5789
-1.6581,13.6035
-1.6581,13.6035
-1.6581,13.6035
-1.6581,13.6035
-1.67305,13.6281
-1.67305,13.6281
-1.67305,13.6281
-1.67305,13.6281
-1.68095,13.6527
-1.68095,13.6527
-1.68095,13.6527
-1.68095,13.6527
-1.68041,13.6772
-1.68041,13.6772
-1.68041,13.6772
-1.68041,13.6772
-1.6702,13.7015
-1.6702,13.7015
-1.6702,13.7015
-1.6702,13.7015
-1.64942,13.7252
-1.64942,13.7252
-1.64942,13.7252
-1.64942,13.7252
-1.61768,13.7479
-1.61768,13.7479
-1.61768,13.7479
-1.61768,13.7479
-1.57519,13.7689
-1.57519,13.7689
-1.57519,13.7689
-1.57519,13.7689
-1.52289,13.7875
-1.52289,13.7875
-1.52289,13.7875
-1.52289,13.7875
-1.46232,13.8028
-1.46232,13.8028
-1.46232,13.8028
-1.46232,13.8028
-1.39529,13.8145
-1.39529,13.8145
-1.39529,13.8145
-1.39529,13.8145
-1.32435,13.8221
-1.32435,13.8221
-1.32435,13.8221
-1.32435,13.8221
-1.25168,13.8255
-1.25168,13.8255
-1.25168,13.8255
-1.25168,13.8255
-1.18018,13.8247
-1.18018,13.8247
-1.18018,13.8247
-1.18018,13.8247
-1.11204,13.8203
-1.11204,13.8203
-1.11204,13.8203
-1.11204,13.8203
-1.0479,13.813
-1.0479,13.813
-1.0479,13.813
-1.0479,13.813
-0.987657,13.804
-0.987657,13.804
-0.987657,13.804
-0.987657,13.804
-0.930079,13.7945
-0.930079,13.7945
-0.930079,13.7945
-0.930079,13.7945
-0.875154,13.7849
-0.875154,13.7849
-0.875154,13.7849
-0.875154,13.7849
-0.823848,13.7759
-0.823848,13.7759
-0.823848,13.7759
-0.823848,13.7759
-0.777471,13.767
-0.777471,13.767
-0.777471,13.767
-0.777471,13.767
-0.738702,13.7576
-0.738702,13.7576
-0.738702,13.7576
-0.738702,13.7576
-0.710354,13.7474
-0.710354,13.7474
-0.710354,13.7474
-0.710354,13.7474
-0.694797,13.736
-0.694797,13.736
-0.694797,13.736
-0.694797,13.736
-0.693334,13.7237
-0.693334,13.7237
-0.693334,13.7237
-0.693334,13.7237
-0.707176,13.7112
-0.707176,13.7112
-0.707176,13.7112
-0.707176,13.7112
-0.732662,13.7005
-0.732662,13.7005
-0.732662,13.7005
-0.732662,13.7005
-0.764243,13.6958
-0.764243,13.6958
-0.764243,13.6958
-0.764243,13.6958
-0.795908,13.6999
-0.795908,13.6999
-0.795908,13.6999
-0.795908,13.6999
-0.824514,13.7141
-0.824514,13.7141
-0.824514,13.7141
-0.824514,13.7141
-0.849827,13.7379
-0.849827,13.7379
-0.849827,13.7379
-0.849827,13.7379
-0.875356,13.7668
-0.875356,13.7668
-0.875356,13.7668
-0.875356,13.7668
-0.904349,13.7968
-0.904349,13.7968
-0.904349,13.7968
-0.904349,13.7968
-0.939185,13.8252
-0.939185,13.8252
-0.939185,13.8252
-0.939185,13.8252
-0.980299,13.8515
-0.980299,13.8515
-0.980299,13.8515
-0.980299,13.8515
-1.02729,13.8761
-1.02729,13.8761
-1.02729,13.8761
-1.02729,13.8761
-1.08005,13.899
-1.08005,13.899
-1.08005,13.899
-1.08005,13.899
-1.13696,13.921
-1.13696,13.921
-1.13696,13.921
-1.13696,13.921
-1.19646,13.9428
-1.19646,13.9428
-1.19646,13.9428
-1.19646,13.9428
-1.25573,13.9657
-1.25573,13.9657
-1.25573,13.9657
-1.25573,13.9657
-1.31157,13.9909
-1.31157,13.9909
-1.31157,13.9909
-1.31157,13.9909
-1.36076,14.0196
-1.36076,14.0196
-1.36076,14.0196
-1.36076,14.0196
-1.39986,14.0527
-1.39986,14.0527
-1.39986,14.0527
-1.39986,14.0527
-1.4269,14.0898
-1.4269,14.0898
-1.4269,14.0898
-1.4269,14.0898
-1.44139,14.1294
-1.44139,14.1294
-1.44139,14.1294
-1.44139,14.1294
-1.44412,14.1694
-1.44412,14.1694
-1.44412,14.1694
-1.44412,14.1694
-1.4357,14.2082
-1.4357,14.2082
-1.4357,14.2082
-1.4357,14.2082
-1.41672,14.2449
-1.41672,14.2449
-1.41672,14.2449
-1.41672,14.2449
-1.38789,14.2788
-1.38789,14.2788
-1.38789,14.2788
-1.38789,14.2788
-1.35022,14.3094
-1.35022,14.3094
-1.35022,14.3094
-1.35022,14.3094
-1.30518,14.3362
-1.30518,14.3362
-1.30518,14.3362
-1.30518,14.3362
-1.25443,14.3589
-1.25443,14.3589
-1.25443,14.3589
-1.25443,14.3589
-1.19998,14.3773
-1.19998,14.3773
-1.19998,14.3773
-1.19998,14.3773
-1.14421,14.3914
-1.14421,14.3914
-1.14421,14.3914
-1.14421,14.3914
-1.08826,14.4018
-1.08826,14.4018
-1.08826,14.4018
-1.08826,14.4018
-1.0321,14.4093
-1.0321,14.4093
-1.0321,14.4093
-1.0321,14.4093
-0.975007,14.4149
-0.975007,14.4149
-0.975007,14.4149
-0.975007,14.4149
-0.915563,14.4193
-0.915563,14.4193
-0.915563,14.4193
-0.915563,14.4193
-0.853917,14.4228
-0.853917,14.4228
-0.853917,14.4228
-0.853917,14.4228
-0.791558,14.4247
-0.791558,14.4247
-0.791558,14.4247
-0.791558,14.4247
-0.730911,14.424
-0.730911,14.424
-0.730911,14.424
-0.730911,14.424
-0.67409,14.4204
-0.67409,14.4204
-0.67409,14.4204
-0.67409,14.4204
-0.622888,14.4142
-0.622888,14.4142
-0.622888,14.4142
-0.622888,14.4142
-0.579826,14.4056
-0.579826,14.4056
-0.579826,14.4056
-0.579826,14.4056
-0.546558,14.3955
-0.546558,14.3955
-0.546558,14.3955
-0.546558,14.3955
-0.524796,14.3846
-0.524796,14.3846
-0.524796,14.3846
-0.524796,14.3846
-0.515511,14.3737
-0.515511,14.3737
-0.515511,14.3737
-0.515511,14.3737
-0.519329,14.3634
-0.519329,14.3634
-0.519329,14.3634
-0.519329,14.3634
-0.531385,14.3567
-0.531385,14.3567
-0.531385,14.3567
-0.531385,14.3567
-0.545834,14.357
-0.545834,14.357
-0.545834,14.357
-0.545834,14.357
-0.558568,14.3657
-0.558568,14.3657
-0.558568,14.3657
-0.558568,14.3657
-0.568399,14.383
-0.568399,14.383
-0.568399,14.383
-0.568399,14.383
-0.577846,14.4059
-0.577846,14.4059
-0.577846,14.4059
-0.577846,14.4059
-0.590897,14.4303
-0.590897,14.4303
-0.590897,14.4303
-0.590897,14.4303
-0.610087,14.4538
-0.610087,14.4538
-0.610087,14.4538
-0.610087,14.4538
-0.637056,14.4754
-0.637056,14.4754
-0.637056,14.4754
-0.637056,14.4754
-0.6724,14.4949
-0.6724,14.4949
-0.6724,14.4949
-0.6724,14.4949
-0.715899,14.513
-0.715899,14.513
-0.715899,14.513
-0.715899,14.513
-0.767716,14.5297
-0.767716,14.5297
-0.767716,14.5297
-0.767716,14.5297
-0.826377,14.546
-0.826377,14.546
-0.826377,14.546
-0.826377,14.546
-0.889894,14.5629
-0.889894,14.5629
-0.889894,14.5629
-0.889894,14.5629
-0.956747,14.5806
-0.956747,14.5806
-0.956747,14.5806
-0.956747,14.5806
-1.02384,14.6004
-1.02384,14.6004
-1.02384,14.6004
-1.02384,14.6004
-1.08783,14.6231
-1.08783,14.6231
-1.08783,14.6231
-1.08783,14.6231
-1.1459,14.6492
-1.1459,14.6492
-1.1459,14.6492
-1.1459,14.6492
-1.19481,14.679
-1.19481,14.679
-1.19481,14.679
-1.19481,14.679
-1.23209,14.7126
-1.23209,14.7126
-1.23209,14.7126
-1.23209,14.7126
-1.25664,14.7486
-1.25664,14.7486
-1.25664,14.7486
-1.25664,14.7486
-1.26818,14.7857
-1.26818,14.7857
-1.26818,14.7857
-1.26818,14.7857
-1.26684,14.8228
-1.26684,14.8228
-1.26684,14.8228
-1.26684,14.8228
-1.25313,14.8589
-1.25313,14.8589
-1.25313,14.8589
-1.25313,14.8589
-1.22794,14.8931
-1.22794,14.8931
-1.22794,14.8931
-1.22794,14.8931
-1.19262,14.9247
-1.19262,14.9247
-1.19262,14.9247
-1.19262,14.9247
-1.14882,14.9532
-1.14882,14.9532
-1.14882,14.9532
-1.14882,14.9532
-1.09846,14.978
-1.09846,14.978
-1.09846,14.978
-1.09846,14.978
-1.04368,14.9989
-1.04368,14.9989
-1.04368,14.9989
-1.04368,14.9989
-0.986207,15.0161
-0.986207,15.0161
-0.986207,15.0161
-0.986207,15.0161
-0.927275,15.0298
-0.927275,15.0298
-0.927275,15.0298
-0.927275,15.0298
-0.867453,15.0407
-0.867453,15.0407
-0.867453,15.0407
-0.867453,15.0407
-0.806965,15.049
-0.806965,15.049
-0.806965,15.049
-0.806965,15.049
-0.74667,15.0555
-0.74667,15.0555
-0.74667,15.0555
-0.74667,15.0555
-0.687247,15.0604
-0.687247,15.0604
-0.687247,15.0604
-0.687247,15.0604
-0.629452,15.0642
-0.629452,15.0642
-0.629452,15.0642
-0.629452,15.0642
-0.574788,15.067
-0.574788,15.067
-0.574788,15.067
-0.574788,15.067
-0.524463,15.0689
-0.524463,15.0689
-0.524463,15.0689
-0.524463,15.0689
-0.479792,15.0702
-0.479792,15.0702
-0.479792,15.0702
-0.479792,15.0702
-0.442409,15.0712
-0.442409,15.0712
-0.442409,15.0712
-0.442409,15.0712
-0.413391,15.0721
-0.413391,15.0721
-0.413391,15.0721
-0.413391,15.0721
-0.393424,15.0736
-0.393424,15.0736
-0.393424,15.0736
-0.393424,15.0736
-0.382947,15.0759
-0.382947,15.0759
-0.382947,15.0759
-0.382947,15.0759
-0.381946,15.0793
-0.381946,15.0793
-0.381946,15.0793
-0.381946,15.0793
-0.390547,15.0842
-0.390547,15.0842
-0.390547,15.0842
-0.390547,15.0842
-0.40743,15.0911
-0.40743,15.0911
-0.40743,15.0911
-0.40743,15.0911
-0.431441,15.1004
-0.431441,15.1004
-0.431441,15.1004
-0.431441,15.1004
-0.460569,15.1128
-0.460569,15.1128
-0.460569,15.1128
-0.460569,15.1128
-0.493275,15.1285
-0.493275,15.1285
-0.493275,15.1285
-0.493275,15.1285
-0.528766,15.1474
-0.528766,15.1474
-0.528766,15.1474
-0.528766,15.1474
-0.567025,15.1687
-0.567025,15.1687
-0.567025,15.1687
-0.567025,15.1687
-0.608996,15.191
-0.608996,15.191
-0.608996,15.191
-0.608996,15.191
-0.654868,15.2137
-0.654868,15.2137
-0.654868,15.2137
-0.654868,15.2137
-0.704683,15.2363
-0.704683,15.2363
-0.704683,15.2363
-0.704683,15.2363
-0.758633,15.2584
-0.758633,15.2584
-0.758633,15.2584
-0.758633,15.2584
-0.81549,15.2805
-0.81549,15.2805
-0.81549,15.2805
-0.81549,15.2805
-0.873701,15.3032
-0.873701,15.3032
-0.873701,15.3032
-0.873701,15.3032
-0.931383,15.3269
-0.931383,15.3269
-0.931383,15.3269
-0.931383,15.3269
-0.986338,15.3521
-0.986338,15.3521
-0.986338,15.3521
-0.986338,15.3521
-1.03642,15.3787
-1.03642,15.3787
-1.03642,15.3787
-1.03642,15.3787
-1.07959,15.407
-1.07959,15.407
-1.07959,15.407
-1.07959,15.407
-1.11347,15.4372
-1.11347,15.4372
-1.11347,15.4372
-1.11347,15.4372
-1.13635,15.4689
-1.13635,15.4689
-1.13635,15.4689
-1.13635,15.4689
-1.14744,15.5015
-1.14744,15.5015
-1.14744,15.5015
-1.14744,15.5015
-1.14678,15.5342
-1.14678,15.5342
-1.14678,15.5342
